Game,Year,Genre,Publisher, Copies Sold  (Millions) North America, Copies Sold  (Millions) Europe, Copies Sold  (Millions) Japan, Copies Sold  (Millions) Rest of countries, Copies Sold  (Millions) Global,plataforma
Grand Theft Auto V,2014.0,Action,Rockstar Games,6.06,9.71,0.6,3.02,19.39,PlayStation 4
Call of Duty: Black Ops 3,2015.0,Shooter,Activision,6.18,6.05,0.41,2.44,15.09,PlayStation 4
Red Dead Redemption 2,2018.0,Action-Adventure,Rockstar Games,5.26,6.21,0.21,2.26,13.94,PlayStation 4
Call of Duty: WWII,2017.0,Shooter,Activision,4.67,6.21,0.4,2.12,13.4,PlayStation 4
FIFA 18,2017.0,Sports,EA Sports,1.27,8.64,0.15,1.73,11.8,PlayStation 4
FIFA 17,2016.0,Sports,Electronic Arts,1.26,7.95,0.12,1.61,10.94,PlayStation 4
Uncharted (PS4),2016.0,Action,Sony Interactive Entertainment,4.49,3.93,0.21,1.7,10.33,PlayStation 4
Spider-Man (PS4),2018.0,Action-Adventure,Sony Interactive Entertainment,3.64,3.39,0.32,1.41,8.76,PlayStation 4
Call of Duty: Infinite Warfare,2016.0,Shooter,Activision,3.11,3.83,0.19,1.36,8.48,PlayStation 4
Fallout 4,2015.0,Role-Playing,Bethesda Softworks,2.91,3.97,0.27,1.34,8.48,PlayStation 4
FIFA 16,2015.0,Sports,EA Sports,1.15,5.77,0.07,1.23,8.22,PlayStation 4
Star Wars Battlefront 2015,2015.0,Shooter,Electronic Arts,3.31,3.19,0.23,1.3,8.03,PlayStation 4
Call of Duty: Advanced Warfare,2014.0,Shooter,Activision,2.84,3.34,0.14,1.22,7.53,PlayStation 4
Battlefield 1,2016.0,Shooter,Electronic Arts,2.2,3.65,0.29,1.12,7.26,PlayStation 4
The Last of Us,2014.0,Action-Adventure,Sony Computer Entertainment,2.7,2.86,0.11,1.1,6.77,PlayStation 4
MineCraft,2014.0,Misc,Sony Computer Entertainment,1.89,3.13,0.35,0.96,6.33,PlayStation 4
FIFA 15,2014.0,Sports,EA Sports,0.83,4.49,0.05,0.94,6.32,PlayStation 4
God of War (PS4),2018.0,Action,Sony Interactive Entertainment,2.83,2.17,0.13,1.02,6.15,PlayStation 4
Horizon: Zero Dawn,2017.0,Action,Sony Interactive Entertainment,2.2,2.43,0.28,0.92,5.82,PlayStation 4
Destiny,2014.0,Shooter,Activision,2.53,2.13,0.16,0.94,5.76,PlayStation 4
Uncharted: The Nathan Drake Collection,2015.0,Action,Sony Computer Entertainment,2.55,2.11,0.1,0.94,5.7,PlayStation 4
The Witcher 3: Wild Hunt,2015.0,Role-Playing,Namco Bandai Games,1.48,2.82,0.28,0.81,5.39,PlayStation 4
Final Fantasy XV,2016.0,Role-Playing,Square Enix,1.81,1.53,1.05,0.68,5.07,PlayStation 4
Crash Bandicoot N. Sane Trilogy,2017.0,Platform,Activision,1.09,2.92,0.07,0.74,4.83,PlayStation 4
Monster Hunter: World,2018.0,Action,Capcom,1.03,1.06,2.17,0.42,4.67,PlayStation 4
Overwatch,2016.0,Shooter,Blizzard Entertainment,1.84,1.8,0.17,0.73,4.54,PlayStation 4
Star Wars Battlefront II (2017),2017.0,Shooter,Electronic Arts,1.7,1.99,0.12,0.73,4.53,PlayStation 4
Tom Clancy's The Division,2016.0,Shooter,Ubisoft,1.49,2.04,0.16,0.69,4.37,PlayStation 4
Tom Clancy's Rainbow Six: Siege,2015.0,Shooter,Ubisoft,1.29,2.06,0.36,0.64,4.36,PlayStation 4
Watch Dogs,2014.0,Action-Adventure,Ubisoft,1.4,2.13,0.11,0.68,4.32,PlayStation 4
Call of Duty: Ghosts,2013.0,Shooter,Activision,1.79,1.64,0.05,0.69,4.17,PlayStation 4
Assassin's Creed: Unity,2014.0,Action,Ubisoft,1.25,2.16,0.09,0.65,4.14,PlayStation 4
Destiny 2,2017.0,Shooter,Activision,1.92,1.44,0.1,0.69,4.14,PlayStation 4
Batman: Arkham Knight,2015.0,Action,Warner Bros. Interactive,1.65,1.68,0.11,0.66,4.11,PlayStation 4
Assassin's Creed Origins,2017.0,Action,Ubisoft,1.22,2.11,0.11,0.63,4.06,PlayStation 4
Far Cry 4,2014.0,Shooter,Ubisoft,1.18,2.14,0.11,0.63,4.06,PlayStation 4
NBA 2K16,2015.0,Sports,2K Sports,2.56,0.66,0.05,0.71,3.98,PlayStation 4
Far Cry 5,2018.0,Action,Ubisoft,1.44,1.73,0.15,0.62,3.95,PlayStation 4
Battlefield 4,2013.0,Shooter,Electronic Arts,1.4,1.74,0.19,0.62,3.94,PlayStation 4
Gran Turismo Sport,2017.0,Racing,Sony Interactive Entertainment,0.63,2.35,0.24,0.54,3.77,PlayStation 4
Assassin's Creed Syndicate,2015.0,Action,Ubisoft,0.9,2.06,0.08,0.55,3.6,PlayStation 4
NBA 2K17,2016.0,Sports,2K Sports,2.28,0.59,0.03,0.63,3.52,PlayStation 4
Mortal Kombat X,2015.0,Fighting,Warner Bros. Interactive Entertainment,1.94,0.94,0.0,0.61,3.49,PlayStation 4
FIFA Soccer 14,2013.0,Sports,EA Sports,0.62,2.18,0.12,0.51,3.43,PlayStation 4
The Elder Scrolls V: Skyrim,2016.0,Role-Playing,Bethesda Softworks,1.24,1.5,0.08,0.54,3.36,PlayStation 4
Watch Dogs 2,2016.0,Action,Ubisoft,0.98,1.74,0.12,0.52,3.36,PlayStation 4
NBA 2K18,2017.0,Sports,2K Sports,2.13,0.57,0.04,0.59,3.34,PlayStation 4
Resident Evil VII: Biohazard,2017.0,Action,Capcom,0.88,1.56,0.41,0.46,3.31,PlayStation 4
Madden NFL 16,2015.0,Sports,EA Sports,2.39,0.31,0.0,0.61,3.3,PlayStation 4
Madden NFL 17,2016.0,Sports,EA Sports,2.3,0.37,0.0,0.6,3.28,PlayStation 4
Middle-Earth: Shadow of Mordor,2014.0,Action,Warner Bros. Interactive Entertainment,1.03,1.6,0.05,0.51,3.19,PlayStation 4
Assassin's Creed IV: Black Flag,2013.0,Action-Adventure,Ubisoft,1.07,1.55,0.06,0.51,3.19,PlayStation 4
Tom Clancy's Ghost Recon Wildlands,2017.0,Shooter,Ubisoft,1.07,1.35,0.22,0.47,3.12,PlayStation 4
Bloodborne,2015.0,Role-Playing,Sony Computer Entertainment,1.3,1.05,0.28,0.48,3.11,PlayStation 4
Metal Gear Solid V: The Phantom Pain,2015.0,Action,Konami Digital Entertainment,0.97,1.15,0.5,0.42,3.04,PlayStation 4
Killzone: Shadow Fall,2013.0,Shooter,Sony Computer Entertainment,0.89,1.58,0.08,0.47,3.02,PlayStation 4
inFAMOUS: Second Son,2014.0,Action-Adventure,Sony Computer Entertainment,1.35,1.09,0.07,0.5,3.01,PlayStation 4
Doom (2016),2016.0,Shooter,Bethesda Softworks,0.93,1.48,0.04,0.46,2.92,PlayStation 4
Mafia III,2016.0,Action-Adventure,2K Games,0.72,1.67,0.04,0.44,2.87,PlayStation 4
Diablo III,2014.0,Role-Playing,Blizzard Entertainment,0.83,1.48,0.08,0.44,2.82,PlayStation 4
Far Cry: Primal,2016.0,Action-Adventure,Ubisoft,0.63,1.61,0.07,0.41,2.73,PlayStation 4
Need for Speed (2015),2015.0,Racing,Electronic Arts,0.59,1.66,0.06,0.41,2.72,PlayStation 4
Madden NFL 18,2017.0,Sports,EA Sports,1.73,0.42,0.0,0.47,2.62,PlayStation 4
NBA 2K15,2014.0,Sports,2K Sports,1.49,0.55,0.01,0.44,2.49,PlayStation 4
Dying Light,2015.0,Action,Warner Bros. Interactive,1.18,0.74,0.13,0.4,2.45,PlayStation 4
Dark Souls III,2016.0,Role-Playing,Namco Bandai Games,1.0,0.63,0.44,0.34,2.42,PlayStation 4
Ratchet & Clank (2016),2016.0,Platform,Sony Interactive Entertainment,0.97,0.97,0.06,0.39,2.38,PlayStation 4
DriveClub,2014.0,Racing,Sony Computer Entertainment,0.37,1.63,0.02,0.36,2.37,PlayStation 4
Uncharted: The Lost Legacy,2017.0,Action,Sony Interactive Entertainment,0.58,1.38,0.04,0.36,2.37,PlayStation 4
Dragon Age III: Inquisition,2014.0,Role-Playing,Electronic Arts,1.07,0.8,0.08,0.38,2.34,PlayStation 4
No Man's Sky,2016.0,Action-Adventure,Hello Games,0.89,0.97,0.04,0.37,2.26,PlayStation 4
Madden NFL 15,2014.0,Sports,EA Sports,1.58,0.25,0.0,0.41,2.25,PlayStation 4
Need for Speed: Payback,2017.0,Racing,Electronic Arts,0.62,1.18,0.04,0.34,2.18,PlayStation 4
Destiny: The Taken King,2015.0,Shooter,Activision,0.97,0.8,0.05,0.36,2.18,PlayStation 4
Need for Speed Rivals,2013.0,Racing,Electronic Arts,0.75,1.04,0.03,0.35,2.17,PlayStation 4
PlayStation VR Worlds,2016.0,Misc,Sony Interactive Entertainment,0.36,1.4,0.09,0.32,2.16,PlayStation 4
Battlefield: Hardline,2015.0,Shooter,Electronic Arts,0.72,0.97,0.14,0.33,2.15,PlayStation 4
Rise of the Tomb Raider,2016.0,Adventure,Square Enix,0.61,1.08,0.05,0.32,2.07,PlayStation 4
LittleBigPlanet 3,2014.0,Platform,Sony Computer Entertainment,0.78,0.93,0.01,0.34,2.06,PlayStation 4
The Elder Scrolls Online,2015.0,MMO,Bethesda Softworks,0.74,0.98,0.0,0.33,2.05,PlayStation 4
Middle-Earth: Shadow of War,2017.0,Action,Warner Bros. Interactive Entertainment,0.82,0.84,0.06,0.33,2.04,PlayStation 4
Dragon Quest XI,2017.0,Role-Playing,Square Enix,0.29,0.22,1.43,0.1,2.04,PlayStation 4
Rocket League,2016.0,Sports,505 Games,0.37,1.34,0.0,0.31,2.02,PlayStation 4
Just Cause 3,2015.0,Action-Adventure,Square Enix,0.53,1.07,0.09,0.3,1.98,PlayStation 4
Dishonored 2,2016.0,Action,Bethesda Softworks,0.62,1.02,0.01,0.31,1.97,PlayStation 4
Lego Marvel Super Heroes,2013.0,Action,Warner Bros. Interactive Entertainment,0.59,1.0,0.01,0.3,1.91,PlayStation 4
Until Dawn,2015.0,Adventure,Sony Computer Entertainment,0.62,0.92,0.06,0.3,1.9,PlayStation 4
Knack,2013.0,Platform,Sony Computer Entertainment,0.45,0.77,0.42,0.23,1.88,PlayStation 4
The Evil Within,2014.0,Action,Bethesda Softworks,0.56,0.9,0.11,0.28,1.86,PlayStation 4
The Crew,2014.0,Racing,Ubisoft,0.44,1.04,0.03,0.27,1.79,PlayStation 4
Kingdom Hearts 1.5 + 2.5 Remix,2017.0,Role-Playing,Square Enix,0.75,0.51,0.23,0.26,1.75,PlayStation 4
For Honor,2017.0,Action,Ubisoft,0.73,0.66,0.07,0.28,1.75,PlayStation 4
Titanfall 2,2016.0,Shooter,Electronic Arts,0.75,0.62,0.06,0.28,1.72,PlayStation 4
Injustice 2,2017.0,Fighting,Warner Bros. Interactive Entertainment,0.88,0.54,0.0,0.29,1.72,PlayStation 4
NieR Automata,2017.0,Role-Playing,Square Enix,0.56,0.51,0.42,0.22,1.71,PlayStation 4
Tekken 7,2017.0,Fighting,Namco Bandai Games,0.6,0.72,0.12,0.26,1.7,PlayStation 4
Persona 5,2016.0,Role-Playing,Deep Silver,0.62,0.34,0.48,0.2,1.64,PlayStation 4
The Order: 1886,2015.0,Shooter,Sony Computer Entertainment,0.44,0.86,0.07,0.25,1.62,PlayStation 4
Wolfenstein: The New Order,2014.0,Shooter,Bethesda Softworks,0.48,0.84,0.03,0.25,1.61,PlayStation 4
Detroit: Become Human,2018.0,Adventure,Sony Interactive Entertainment,0.55,0.67,0.12,0.24,1.57,PlayStation 4
Naruto Shippuden: Ultimate Ninja Storm 4,2016.0,Fighting,Namco Bandai Games,0.71,0.47,0.12,0.24,1.54,PlayStation 4
NBA 2K14,2013.0,Sports,2K Sports,0.91,0.35,0.01,0.27,1.54,PlayStation 4
Tomb Raider (2013),2014.0,Action-Adventure,Square Enix,0.47,0.74,0.06,0.23,1.51,PlayStation 4
Dragon Ball: Xenoverse 2,2016.0,Action,Namco Bandai Games,0.54,0.59,0.14,0.23,1.5,PlayStation 4
Rayman Legends,2014.0,Platform,Ubisoft,0.22,1.05,0.0,0.23,1.5,PlayStation 4
Mass Effect: Andromeda,2017.0,Role-Playing,Electronic Arts,0.58,0.67,0.0,0.25,1.49,PlayStation 4
Dragon Ball Fighter Z,2018.0,Fighting,Namco Bandai Games,0.61,0.51,0.12,0.23,1.46,PlayStation 4
South Park: The Fractured But Whole,2017.0,Role-Playing,Ubisoft,0.62,0.57,0.0,0.24,1.43,PlayStation 4
The Sims 4,2017.0,Simulation,Electronic Arts,0.44,0.72,0.01,0.22,1.39,PlayStation 4
Street Fighter V,2016.0,Fighting,Capcom,0.64,0.42,0.12,0.22,1.39,PlayStation 4
Wolfenstein II: The New Colossus,2017.0,Shooter,Bethesda Softworks,0.55,0.58,0.01,0.22,1.36,PlayStation 4
WWE 2K18,2017.0,Sports,2K Sports,0.45,0.67,0.0,0.22,1.33,PlayStation 4
Lego Star Wars: The Force Awakens,2016.0,Action-Adventure,Warner Bros. Interactive Entertainment,0.3,0.78,0.02,0.2,1.31,PlayStation 4
EA Sports UFC 2,2016.0,Sports,EA Sports,0.44,0.65,0.0,0.21,1.31,PlayStation 4
The Last Guardian,2016.0,Action-Adventure,Sony Interactive Entertainment,0.4,0.58,0.13,0.19,1.29,PlayStation 4
WWE 2K16,2015.0,Sports,Take-Two Interactive,0.43,0.65,0.0,0.21,1.29,PlayStation 4
Borderlands: The Handsome Collection,2015.0,Shooter,2K Games,0.69,0.34,0.03,0.22,1.28,PlayStation 4
Project CARS,2015.0,Racing,Bandai Namco Games,0.29,0.76,0.04,0.19,1.28,PlayStation 4
WWE 2K17,2016.0,Sports,2K Games,0.32,0.7,0.0,0.19,1.22,PlayStation 4
Guitar Hero Live,2015.0,Music,Activision,0.52,0.49,0.0,0.2,1.21,PlayStation 4
Metal Gear Solid: Ground Zeroes,2014.0,Action-Adventure,Konami Digital Entertainment,0.36,0.5,0.17,0.17,1.2,PlayStation 4
Mad Max (2013),2015.0,Action,Warner Bros. Interactive Entertainment,0.38,0.59,0.05,0.19,1.2,PlayStation 4
Shadow of the Colossus,2018.0,Action-Adventure,Sony Interactive Entertainment,0.44,0.52,0.05,0.19,1.2,PlayStation 4
Kingdom Hearts HD 2.8 Final Chapter Prologue,2017.0,Role-Playing,Square Enix,0.57,0.25,0.2,0.17,1.2,PlayStation 4
Dragon Ball: XenoVerse,2015.0,Fighting,Namco Bandai Games,0.33,0.55,0.14,0.17,1.19,PlayStation 4
LEGO Dimensions,2015.0,Action,Warner Bros. Interactive Entertainment,0.48,0.5,0.0,0.2,1.18,PlayStation 4
LEGO Jurassic World,2015.0,Action,Warner Bros. Interactive Entertainment,0.41,0.56,0.02,0.19,1.18,PlayStation 4
WWE 2K15,2014.0,Sports,2K Sports,0.4,0.57,0.0,0.19,1.16,PlayStation 4
MLB The Show 17,2017.0,Sports,Sony Interactive Entertainment,0.94,0.0,0.0,0.22,1.16,PlayStation 4
LEGO Worlds,2017.0,Misc,Warner Bros. Interactive Entertainment,0.21,0.72,0.04,0.17,1.14,PlayStation 4
The Elder Scrolls V: Skyrim PSVR,2017.0,Role-Playing,Bethesda Softworks,0.47,0.47,0.01,0.19,1.13,PlayStation 4
LEGO Marvel Super Heroes 2,2017.0,Action,Warner Bros. Interactive Entertainment,0.33,0.6,0.0,0.18,1.11,PlayStation 4
EA Sports UFC,2014.0,Fighting,Electronic Arts,0.49,0.43,0.01,0.18,1.11,PlayStation 4
Final Fantasy XII: The Zodiac Age,2017.0,Role-Playing,Square Enix,0.37,0.41,0.16,0.15,1.1,PlayStation 4
Alien: Isolation,2014.0,Adventure,Sega,0.29,0.59,0.05,0.16,1.09,PlayStation 4
MLB The Show 18,2018.0,Sports,Sony Interactive Entertainment,0.86,0.0,0.0,0.2,1.06,PlayStation 4
The Evil Within II,2017.0,Action,Bethesda Softworks,0.31,0.49,0.09,0.15,1.05,PlayStation 4
Prey (2017),2017.0,Shooter,Bethesda Softworks,0.25,0.62,0.02,0.16,1.04,PlayStation 4
Final Fantasy Type-0,2015.0,Role-Playing,Square Enix,0.4,0.33,0.16,0.15,1.04,PlayStation 4
Ni-Oh,2017.0,Action,Tecmo Koei,0.34,0.36,0.2,0.14,1.03,PlayStation 4
MLB 15: The Show,2015.0,Sports,Sony Computer Entertainment,0.75,0.08,0.0,0.19,1.01,PlayStation 4
Steep,2016.0,Sports,Ubisoft,0.23,0.6,0.02,0.15,1.01,PlayStation 4
LEGO Marvel's Avengers,2016.0,Action,Warner Bros. Interactive Entertainment,0.31,0.53,0.01,0.16,1.01,PlayStation 4
Evolve,2015.0,Shooter,2K Games,0.38,0.41,0.05,0.16,1.01,PlayStation 4
Injustice: Gods Among Us,2013.0,Fighting,Warner Bros. Interactive Entertainment,0.46,0.35,0.0,0.17,0.98,PlayStation 4
EA Sports UFC 3,2018.0,Sports,EA Sports,0.4,0.41,0.01,0.16,0.97,PlayStation 4
Madden NFL 25,2013.0,Sports,EA Sports,0.64,0.15,0.0,0.17,0.96,PlayStation 4
MLB 16: The Show,2016.0,Sports,Sony Computer Entertainment,0.78,0.0,0.0,0.18,0.96,PlayStation 4
Lego Batman 3: Beyond Gotham,2014.0,Action,Warner Bros. Interactive Entertainment,0.37,0.42,0.0,0.16,0.94,PlayStation 4
Final Fantasy X/X-2 HD Remaster,2015.0,Role-Playing,Square Enix,0.34,0.36,0.07,0.14,0.9,PlayStation 4
Ni no Kuni II: Revenant Kingdom,2018.0,Role-Playing,Namco Bandai Games,0.33,0.31,0.12,0.13,0.89,PlayStation 4
God of War III,2015.0,Action,Sony Computer Entertainment,0.4,0.33,0.02,0.15,0.89,PlayStation 4
Fortnite,2017.0,Action,Gearbox Software,0.42,0.32,0.0,0.15,0.89,PlayStation 4
LEGO Harry Potter Collection,2016.0,Action,Warner Bros. Interactive Entertainment,0.07,0.68,0.0,0.13,0.88,PlayStation 4
Minecraft: Story Mode,2015.0,Adventure,Mojang,0.31,0.42,0.0,0.14,0.87,PlayStation 4
BioShock The Collection,2016.0,Shooter,2K Games,0.41,0.28,0.03,0.14,0.86,PlayStation 4
Thief 4,2014.0,Action,Square Enix,0.28,0.41,0.03,0.13,0.85,PlayStation 4
Until Dawn: Rush of Blood,2016.0,Shooter,Sony Interactive Entertainment,0.5,0.21,0.0,0.15,0.85,PlayStation 4
Disney Infinity 3.0,2015.0,Action,Disney Interactive Studios,0.31,0.4,0.0,0.14,0.85,PlayStation 4
Farming Simulator 17,2016.0,Simulation,Focus Home Interactive,0.19,0.52,0.01,0.13,0.85,PlayStation 4
The Crew 2,2018.0,Racing,Ubisoft,0.22,0.42,0.05,0.12,0.82,PlayStation 4
Pro Evolution Soccer 2016,2015.0,Sports,Konami Digital Entertainment,0.14,0.43,0.14,0.1,0.82,PlayStation 4
ARK: Survival Evolved,2017.0,Action,Studio Wildcard,0.28,0.29,0.14,0.11,0.81,PlayStation 4
Dragon Quest Heroes: The World's Tree Woe and the Blight Below,2015.0,Action,Square Enix,0.21,0.14,0.39,0.07,0.81,PlayStation 4
Assassin's Creed The Ezio Collection,2016.0,Action,Ubisoft,0.14,0.52,0.02,0.12,0.79,PlayStation 4
Final Fantasy XIV: A Realm Reborn,2014.0,MMO,Square Enix,0.35,0.23,0.08,0.12,0.79,PlayStation 4
Destiny: The Collection,2016.0,Shooter,Activision,0.24,0.4,0.02,0.12,0.78,PlayStation 4
F1 2016 (Codemasters),2016.0,Racing,Codemasters,0.07,0.56,0.03,0.11,0.78,PlayStation 4
Hitman (2016),2017.0,Action,Square Enix,0.24,0.36,0.06,0.11,0.78,PlayStation 4
Pro Evolution Soccer 2015,2014.0,Sports,Konami Digital Entertainment,0.09,0.45,0.12,0.1,0.76,PlayStation 4
LEGO City Undercover,2017.0,Platform,Warner Bros. Interactive Entertainment,0.17,0.46,0.01,0.12,0.75,PlayStation 4
Pro Evolution Soccer 2018,2017.0,Sports,Konami Digital Entertainment,0.12,0.36,0.19,0.09,0.75,PlayStation 4
Disney Infinity 2.0: Marvel Super Heroes,2014.0,Action-Adventure,Disney Interactive Studios,0.37,0.25,0.0,0.13,0.75,PlayStation 4
Pro Evolution Soccer 2017,2016.0,Sports,Konami Digital Entertainment,0.08,0.41,0.18,0.09,0.75,PlayStation 4
Sniper Elite 3,2014.0,Shooter,505 Games,0.25,0.37,0.0,0.12,0.74,PlayStation 4
MLB 14 The Show,2014.0,Sports,Sony Computer Entertainment,0.59,0.0,0.0,0.14,0.73,PlayStation 4
WipEout Omega Collection,2017.0,Racing,Sony Interactive Entertainment,0.12,0.49,0.0,0.11,0.72,PlayStation 4
Deus Ex: Mankind Divided,2016.0,Role-Playing,Square Enix,0.25,0.34,0.01,0.12,0.72,PlayStation 4
The LEGO Movie Videogame,2014.0,Action-Adventure,Warner Bros. Interactive Entertainment,0.26,0.32,0.01,0.11,0.71,PlayStation 4
Marvel vs. Capcom: Infinite,2017.0,Fighting,Capcom,0.36,0.19,0.04,0.11,0.7,PlayStation 4
Dark Souls II,2015.0,Role-Playing,Namco Bandai Games,0.27,0.23,0.09,0.1,0.69,PlayStation 4
Yakuza 6,2016.0,Adventure,Sega,0.16,0.1,0.38,0.05,0.69,PlayStation 4
F1 2015,2015.0,Racing,Codemasters,0.1,0.45,0.04,0.1,0.68,PlayStation 4
METRO 2033,2014.0,Shooter,Deep Silver,0.22,0.31,0.05,0.1,0.68,PlayStation 4
Rocksmith 2014,2014.0,Music,Ubisoft,0.38,0.17,0.0,0.12,0.67,PlayStation 4
NHL 16,2015.0,Sports,EA Sports,0.38,0.16,0.0,0.12,0.66,PlayStation 4
Plants vs Zombies: Garden Warfare,2014.0,Shooter,Electronic Arts,0.24,0.3,0.01,0.11,0.66,PlayStation 4
Tales of Berseria,2016.0,Role-Playing,Namco Bandai Games,0.22,0.1,0.26,0.07,0.65,PlayStation 4
Yakuza Zero: The Place of Oath,2015.0,Adventure,Sega,0.22,0.16,0.19,0.08,0.65,PlayStation 4
One Piece: Burning Blood,2016.0,Fighting,Namco Bandai Games,0.21,0.26,0.09,0.09,0.65,PlayStation 4
Batman: Return to Arkham,2016.0,Action,Warner Bros. Interactive Entertainment,0.15,0.39,0.01,0.1,0.64,PlayStation 4
Plants vs. Zombies: Garden Warfare 2,2016.0,Shooter,Electronic Arts,0.22,0.31,0.0,0.1,0.63,PlayStation 4
LEGO The Hobbit,2014.0,Action-Adventure,Warner Bros. Interactive Entertainment,0.14,0.39,0.0,0.1,0.62,PlayStation 4
World of Final Fantasy,2016.0,Role-Playing,Square Enix,0.24,0.21,0.09,0.09,0.62,PlayStation 4
F1 2017,2017.0,Racing,Koch Media,0.04,0.47,0.02,0.09,0.62,PlayStation 4
NHL 15,2014.0,Sports,EA Sports,0.32,0.19,0.0,0.11,0.62,PlayStation 4
Knowledge is Power,2017.0,Party,Sony Interactive Entertainment,0.05,0.47,0.0,0.09,0.61,PlayStation 4
L.A. Noire,2017.0,Adventure,Rockstar Games,0.18,0.32,0.0,0.1,0.6,PlayStation 4
Hidden Agenda,2017.0,Adventure,Sony Interactive Entertainment,0.08,0.42,0.0,0.09,0.59,PlayStation 4
Call of Duty: Modern Warfare Remastered,2017.0,Shooter,Activision,0.17,0.3,0.03,0.09,0.58,PlayStation 4
Dragon Quest Builders: Revive Alefgard,2016.0,Role-Playing,Square Enix,0.12,0.17,0.24,0.06,0.58,PlayStation 4
The Lego Ninjago Movie Videogame,2017.0,Action,Warner Bros. Interactive Entertainment,0.16,0.32,0.0,0.09,0.57,PlayStation 4
Resident Evil: Revelations 2,2015.0,Action,Capcom,0.14,0.25,0.11,0.07,0.57,PlayStation 4
Rock Band 4,2015.0,Music,Harmonix Music Systems,0.41,0.06,0.0,0.1,0.57,PlayStation 4
NHL 18,2017.0,Sports,EA Sports,0.31,0.16,0.0,0.1,0.57,PlayStation 4
Everybody's Golf,2017.0,Sports,Sony Interactive Entertainment,0.12,0.22,0.17,0.06,0.56,PlayStation 4
The Amazing Spider-Man 2 (2014),2014.0,Action-Adventure,Activision,0.2,0.26,0.02,0.09,0.56,PlayStation 4
DOOM VFR,2017.0,Shooter,Bethesda Softworks,0.22,0.25,0.0,0.09,0.56,PlayStation 4
Sonic Forces,2017.0,Platform,Sega,0.15,0.31,0.01,0.09,0.56,PlayStation 4
Kingdom Come: Deliverance,2018.0,Role-Playing,Deep Silver,0.18,0.28,0.0,0.09,0.56,PlayStation 4
Lords of the Fallen,2014.0,Role-Playing,Square Enix,0.2,0.24,0.02,0.09,0.55,PlayStation 4
Sniper Elite 4,2017.0,Shooter,Rebellion Developments,0.21,0.25,0.0,0.09,0.55,PlayStation 4
Rory McIlroy PGA Tour,2015.0,Sports,Electronic Arts,0.19,0.27,0.0,0.09,0.55,PlayStation 4
Project CARS 2,2017.0,Racing,Namco Bandai Games,0.1,0.35,0.02,0.08,0.55,PlayStation 4
Skylanders: Trap Team,2014.0,Platform,Activision,0.25,0.18,0.0,0.09,0.52,PlayStation 4
NHL 17,2016.0,Sports,EA Sports,0.32,0.11,0.0,0.09,0.52,PlayStation 4
One Piece: Pirate Warriors 3,2015.0,Action,Namco Bandai Games,0.11,0.22,0.11,0.06,0.52,PlayStation 4
DiRT Rally,2016.0,Racing,Codemasters,0.13,0.3,0.0,0.08,0.51,PlayStation 4
Homefront: The Revolution,2016.0,Shooter,Deep Silver,0.11,0.29,0.04,0.07,0.5,PlayStation 4
Attack on Titan (KOEI),2016.0,Action,Tecmo Koei,0.08,0.24,0.12,0.06,0.5,PlayStation 4
DiRT 4,2017.0,Racing,Codemasters,0.1,0.3,0.02,0.07,0.49,PlayStation 4
Farpoint,2017.0,Shooter,Sony Interactive Entertainment,0.0,0.38,0.04,0.06,0.48,PlayStation 4
Battleborn,2016.0,Shooter,2K Games,0.25,0.12,0.03,0.08,0.48,PlayStation 4
A Way Out,2018.0,Action,Electronic Arts,0.23,0.16,0.0,0.08,0.48,PlayStation 4
Friday the 13th: The Game,2017.0,Action,Gun Media,0.29,0.09,0.03,0.08,0.48,PlayStation 4
The Walking Dead: A Telltale Games Series,2014.0,Adventure,Telltale Games,0.12,0.26,0.03,0.07,0.48,PlayStation 4
Wolfenstein: The Old Blood,2015.0,Shooter,Bethesda Softworks,0.13,0.25,0.02,0.07,0.48,PlayStation 4
Deadpool,2015.0,Action,Activision,0.26,0.13,0.0,0.08,0.47,PlayStation 4
Dragon Quest Heroes II: Twin Kings and the Prophecy's End,2016.0,Action,Square Enix,0.05,0.09,0.3,0.03,0.47,PlayStation 4
TrackMania Turbo,2016.0,Racing,Ubisoft,0.04,0.35,0.0,0.07,0.47,PlayStation 4
Knack 2,2017.0,Platform,Sony Interactive Entertainment,0.14,0.25,0.01,0.07,0.47,PlayStation 4
Just Dance 2014,2013.0,Music,Ubisoft,0.21,0.18,0.0,0.08,0.47,PlayStation 4
Dissidia Final Fantasy NT,2018.0,Fighting,Square Enix,0.19,0.06,0.16,0.05,0.46,PlayStation 4
Skylanders: SuperChargers,2015.0,Action-Adventure,Activision,0.29,0.09,0.0,0.08,0.45,PlayStation 4
Yakuza Kiwami,2016.0,Adventure,Sega,0.13,0.07,0.21,0.04,0.45,PlayStation 4
Tales of Zestiria,2015.0,Role-Playing,Namco Bandai Games,0.18,0.16,0.04,0.07,0.45,PlayStation 4
Star Ocean 5: Integrity and Faithlessness,2016.0,Role-Playing,Square Enix,0.1,0.13,0.16,0.05,0.45,PlayStation 4
Sleeping Dogs,2014.0,Action,Square Enix,0.16,0.21,0.0,0.07,0.44,PlayStation 4
Skylanders SWAP Force,2013.0,Misc,Activision,0.23,0.14,0.0,0.08,0.44,PlayStation 4
Skylanders Imaginators,2016.0,Platform,Activision,0.18,0.18,0.0,0.07,0.43,PlayStation 4
Trials Fusion,2014.0,Misc,Ubisoft,0.13,0.23,0.01,0.07,0.43,PlayStation 4
Saints Row IV,2015.0,Action,Deep Silver,0.15,0.18,0.03,0.06,0.42,PlayStation 4
Dishonored,2015.0,Action,Bethesda Softworks,0.12,0.21,0.02,0.06,0.42,PlayStation 4
Mirror's Edge 2,2016.0,Platform,Electronic Arts,0.13,0.19,0.03,0.06,0.42,PlayStation 4
Farming Simulator 2015,2015.0,Simulation,Koch Media,0.13,0.22,0.0,0.07,0.41,PlayStation 4
Just Dance 2015,2014.0,Music,Ubisoft,0.21,0.13,0.0,0.07,0.41,PlayStation 4
Sword Art Online: Hollow Realization,2016.0,Role-Playing,Namco Bandai Games,0.18,0.06,0.12,0.05,0.41,PlayStation 4
Just Dance 2016,2015.0,Music,Ubisoft,0.19,0.13,0.0,0.07,0.39,PlayStation 4
Batman: Arkham VR,2016.0,Action,Warner Bros. Interactive Entertainment,0.32,0.0,0.0,0.07,0.39,PlayStation 4
Little Nightmares,2017.0,Platform,Namco Bandai Games,0.18,0.12,0.02,0.06,0.39,PlayStation 4
Tropico 5,2015.0,Simulation,Kalypso Media,0.07,0.18,0.08,0.05,0.38,PlayStation 4
Life is Strange,2016.0,Adventure,Square Enix,0.11,0.16,0.05,0.05,0.37,PlayStation 4
Resident Evil Zero,2016.0,Action-Adventure,Capcom,0.07,0.18,0.07,0.05,0.37,PlayStation 4
Yakuza Kiwami 2,2017.0,Action,Sega,0.08,0.06,0.19,0.03,0.37,PlayStation 4
Vampyr,2018.0,Role-Playing,Focus Home Interactive,0.12,0.19,0.0,0.06,0.37,PlayStation 4
Okami,2017.0,Action,Capcom,0.16,0.12,0.03,0.06,0.36,PlayStation 4
Sniper: Ghost Warrior 3,2017.0,Shooter,City Interactive,0.14,0.15,0.03,0.06,0.36,PlayStation 4
Hokuto ga Gotoku,2018.0,Action,Sega,0.09,0.05,0.18,0.03,0.36,PlayStation 4
Sword Art Online: Lost Song,2015.0,Role-Playing,Namco Bandai Games,0.19,0.11,0.0,0.06,0.36,PlayStation 4
Disgaea 5: Alliance of Vengeance,2015.0,Role-Playing,NIS America,0.15,0.08,0.07,0.05,0.35,PlayStation 4
Dead or Alive 5,2015.0,Fighting,Tecmo Koei,0.09,0.13,0.09,0.04,0.35,PlayStation 4
Gravity Rush 2,2017.0,Action-Adventure,Sony Interactive Entertainment,0.13,0.05,0.13,0.04,0.35,PlayStation 4
Odin Sphere: Leifthrasir,2016.0,Role-Playing,NIS America,0.14,0.07,0.09,0.04,0.34,PlayStation 4
Divinity: Original Sin,2015.0,Role-Playing,Focus Home Interactive,0.13,0.13,0.04,0.05,0.34,PlayStation 4
The King of Fighters XIV,2016.0,Fighting,Deep Silver,0.21,0.02,0.06,0.05,0.34,PlayStation 4
Dishonored: Death of the Outsider,2017.0,Action,Bethesda Softworks,0.1,0.18,0.0,0.05,0.33,PlayStation 4
Valkyria Chronicles,2016.0,Role-Playing,Sega,0.14,0.08,0.08,0.04,0.33,PlayStation 4
Murdered: Soul Suspect,2014.0,Action-Adventure,Square Enix,0.09,0.17,0.02,0.05,0.33,PlayStation 4
Payday 2,2015.0,Shooter,505 Games,0.12,0.14,0.0,0.05,0.32,PlayStation 4
UEFA Euro 2016,2016.0,Sports,Konami Digital Entertainment,0.0,0.22,0.05,0.04,0.31,PlayStation 4
DmC: Devil May Cry,2015.0,Action,Capcom,0.12,0.13,0.0,0.05,0.31,PlayStation 4
Sonic Mania,2017.0,Platform,Sega,0.1,0.15,0.01,0.05,0.31,PlayStation 4
J Stars Victory Vs.,2015.0,Fighting,Namco Bandai Games,0.11,0.14,0.0,0.05,0.31,PlayStation 4
XCOM 2,2016.0,Strategy,2K Games,0.16,0.1,0.0,0.05,0.31,PlayStation 4
Dynasty Warriors 8: Xtreme Legends,2014.0,Misc,Tecmo Koei,0.09,0.12,0.06,0.04,0.31,PlayStation 4
Cities: Skylines,2017.0,Simulation,Koch Media,0.15,0.07,0.04,0.05,0.3,PlayStation 4
Saint Seiya: Soldiers' Soul,2015.0,Fighting,Namco Bandai Games,0.0,0.21,0.05,0.04,0.3,PlayStation 4
Just Dance 2018,2017.0,Music,Ubisoft,0.1,0.15,0.0,0.05,0.3,PlayStation 4
The Walking Dead: Season Two,2014.0,Misc,Square Enix,0.13,0.09,0.03,0.05,0.3,PlayStation 4
Sword Art Online: Fatal Bullet,2018.0,Role-Playing,Namco Bandai Games,0.11,0.03,0.13,0.03,0.29,PlayStation 4
Naruto to Boruto: Shinobi Striker,2018.0,Action,Bandai Namco Games,0.19,0.03,0.02,0.05,0.29,PlayStation 4
Yooka-Laylee,2017.0,Platform,Sold Out,0.09,0.16,0.0,0.05,0.29,PlayStation 4
Cars 3: Driven to Win,2017.0,Racing,Warner Bros. Interactive Entertainment,0.06,0.18,0.01,0.04,0.29,PlayStation 4
Metal Gear Solid V: The Definitive Experience,2016.0,Action,Konami Digital Entertainment,0.13,0.08,0.03,0.04,0.29,PlayStation 4
Sherlock Holmes: Crimes & Punishments,2014.0,Adventure,Focus Home Interactive,0.1,0.14,0.0,0.05,0.29,PlayStation 4
Star Trek Bridge Crew VR,2017.0,Action,Ubisoft,0.11,0.12,0.0,0.05,0.28,PlayStation 4
The Heavy Rain and Beyond: Two Souls Collection,2016.0,Action,Sony Computer Entertainment,0.0,0.24,0.0,0.04,0.28,PlayStation 4
Spintires: MudRunner,2017.0,Simulation,Focus Home Interactive,0.11,0.12,0.0,0.05,0.28,PlayStation 4
Onechanbara Z2: Chaos,2014.0,Action,NIS America,0.16,0.03,0.05,0.04,0.28,PlayStation 4
Secret of Mana,2018.0,Role-Playing,Square Enix,0.06,0.12,0.05,0.04,0.28,PlayStation 4
Gundam Versus,2017.0,Action,Namco Bandai Games,0.08,0.0,0.18,0.02,0.28,PlayStation 4
NBA Live 14,2013.0,Sports,EA Sports,0.17,0.05,0.0,0.05,0.27,PlayStation 4
Bravo Team VR,2018.0,Shooter,Sony Interactive Entertainment,0.12,0.09,0.02,0.04,0.27,PlayStation 4
Killing Floor 2 ,2016.0,Shooter,Tripwire Interactive,0.19,0.03,0.0,0.05,0.27,PlayStation 4
Robinson: The Journey,2016.0,Action-Adventure,Sony Interactive Entertainment,0.14,0.09,0.0,0.05,0.27,PlayStation 4
DriveClub VR,2016.0,Racing,Sony Interactive Entertainment,0.12,0.09,0.01,0.04,0.27,PlayStation 4
Fate/Extella: The Umbral Star,2016.0,Action,PQube,0.12,0.0,0.12,0.03,0.27,PlayStation 4
Ultimate Marvel vs. Capcom 3,2017.0,Fighting,Capcom,0.19,0.0,0.02,0.04,0.26,PlayStation 4
New Danganronpa V3: Minna no Koroshiai Shin Gakki,2017.0,Adventure,NIS America,0.09,0.05,0.07,0.03,0.25,PlayStation 4
Samurai Warriors 4,2014.0,Fighting,Tecmo Koei,0.08,0.07,0.06,0.03,0.25,PlayStation 4
Darksiders III,2018.0,Action,THQ Nordic,0.13,0.07,0.0,0.04,0.25,PlayStation 4
NBA Live 15,2014.0,Sports,Electronic Arts,0.16,0.04,0.0,0.04,0.25,PlayStation 4
NBA Live 18,2017.0,Sports,EA Sports,0.2,0.0,0.0,0.05,0.24,PlayStation 4
Tearaway Unfolded,2015.0,Platform,Sony Computer Entertainment,0.07,0.13,0.0,0.04,0.24,PlayStation 4
.hack//G.U. Last Recode,2017.0,Role-Playing,Namco Bandai Games,0.1,0.04,0.08,0.03,0.24,PlayStation 4
Ride,2015.0,Racing,Milestone S.r.l.,0.04,0.13,0.03,0.03,0.24,PlayStation 4
Just Dance 2017,2016.0,Misc,Ubisoft,0.08,0.12,0.0,0.04,0.24,PlayStation 4
The Escapists 2,2017.0,Action,Sold Out,0.04,0.16,0.0,0.04,0.24,PlayStation 4
Transformers: Devastation,2015.0,Action,Activision,0.11,0.09,0.0,0.04,0.24,PlayStation 4
Darksiders II,2015.0,Action-Adventure,Nordic Games,0.1,0.1,0.0,0.04,0.24,PlayStation 4
Jikkyou Powerful Pro Baseball 2016,2016.0,Sports,Konami Digital Entertainment,0.0,0.0,0.24,0.0,0.24,PlayStation 4
The Elder Scrolls Online: Morrowind,2017.0,MMO,Bethesda Softworks,0.11,0.09,0.0,0.04,0.24,PlayStation 4
Digimon World: Next Order,2017.0,Role-Playing,Namco Bandai Games,0.13,0.05,0.02,0.04,0.24,PlayStation 4
theHunter: Call of the Wild,2017.0,Shooter,Astragon,0.19,0.0,0.0,0.04,0.24,PlayStation 4
Tony Hawk's Pro Skater 5,2015.0,Sports,Activision,0.11,0.08,0.0,0.04,0.23,PlayStation 4
Angry Birds: Star Wars,2013.0,Puzzle,Activision,0.11,0.09,0.0,0.04,0.23,PlayStation 4
Elex,2017.0,Role-Playing,THQ Nordic,0.03,0.16,0.0,0.04,0.23,PlayStation 4
RIGS: Mechanized Combat League,2016.0,Action,Sony Interactive Entertainment,0.11,0.06,0.02,0.04,0.23,PlayStation 4
Transformer: Rise of the Dark Spark,2014.0,Shooter,Activision,0.08,0.11,0.01,0.04,0.23,PlayStation 4
Dead Island Definitive Collection,2016.0,Action,Deep Silver,0.09,0.08,0.03,0.03,0.23,PlayStation 4
Metal Gear Survive,2018.0,Action,Konami Digital Entertainment,0.08,0.06,0.05,0.03,0.23,PlayStation 4
Singstar Celebration,2017.0,Music,Sony Interactive Entertainment,0.04,0.15,0.0,0.03,0.23,PlayStation 4
Dead by Daylight,2017.0,Action,505 Games,0.11,0.06,0.02,0.04,0.22,PlayStation 4
Attack on Titan 2,2018.0,Action,Koei Tecmo,0.09,0.04,0.06,0.03,0.22,PlayStation 4
The Wolf Among Us,2014.0,Adventure,Telltale Games,0.11,0.07,0.0,0.04,0.22,PlayStation 4
Micro Machines: World Series,2017.0,Racing,Codemasters,0.03,0.16,0.0,0.03,0.22,PlayStation 4
Bladestorm: Nightmare,2015.0,Action,Tecmo Koei,0.11,0.04,0.03,0.03,0.22,PlayStation 4
Zombie Army Trilogy,2015.0,Shooter,Rebellion Developments,0.06,0.13,0.0,0.03,0.22,PlayStation 4
Outlast Trinity,2017.0,Action,Warner Bros. Interactive Entertainment,0.09,0.09,0.0,0.04,0.22,PlayStation 4
EVE: Valkyrie,2016.0,Shooter,Sony Interactive Entertainment,0.11,0.06,0.0,0.04,0.21,PlayStation 4
Senran Kagura: Peach Beach Splash,2017.0,Action,PQube,0.09,0.02,0.08,0.02,0.21,PlayStation 4
Ys VIII: Lacrimosa of Dana,2017.0,Role-Playing,NIS America,0.08,0.04,0.08,0.02,0.21,PlayStation 4
Bound By Flame,2014.0,Action,Focus Home Interactive,0.08,0.09,0.0,0.04,0.21,PlayStation 4
NBA Live 16,2015.0,Sports,EA Sports,0.13,0.05,0.0,0.04,0.21,PlayStation 4
7 Days to Die,2016.0,Action,Telltale Games,0.09,0.08,0.0,0.03,0.21,PlayStation 4
Dynasty Warriors 8: Empires,2014.0,Misc,Tecmo Koei,0.07,0.07,0.04,0.03,0.21,PlayStation 4
Dragon's Dogma,2017.0,Role-Playing,Capcom,0.07,0.07,0.03,0.03,0.21,PlayStation 4
Godzilla (2015),2014.0,Action,Namco Bandai Games,0.11,0.03,0.03,0.03,0.2,PlayStation 4
Eagle Flight,2016.0,Adventure,Ubisoft,0.09,0.08,0.0,0.03,0.2,PlayStation 4
Agents of Mayhem,2017.0,Action,Deep Silver,0.08,0.08,0.0,0.03,0.2,PlayStation 4
MotoGP 14 ,2014.0,Racing,Milestone S.r.l.,0.05,0.11,0.0,0.03,0.2,PlayStation 4
Elite: Dangerous,2017.0,Simulation,Frontier Developments,0.06,0.1,0.0,0.03,0.19,PlayStation 4
Singstar: Ultimate Party,2014.0,Music,Sony Computer Entertainment,0.0,0.16,0.0,0.03,0.19,PlayStation 4
Toukiden Kiwami,2015.0,Action,Tecmo Koei,0.06,0.07,0.03,0.03,0.19,PlayStation 4
Batman: A Telltale Game Series,2016.0,Adventure,Telltale Games,0.09,0.07,0.0,0.03,0.19,PlayStation 4
The Surge,2017.0,Action,Koch Media,0.07,0.08,0.01,0.03,0.19,PlayStation 4
MotoGP 15,2015.0,Racing,Milestone S.r.l.,0.0,0.13,0.04,0.02,0.18,PlayStation 4
Resident Evil: Revelations,2017.0,Action,Capcom,0.06,0.06,0.04,0.02,0.18,PlayStation 4
Senran Kagura: Estival Versus,2015.0,Action,Marvelous Interactive,0.08,0.0,0.09,0.02,0.18,PlayStation 4
Back to the Future: The Game,2015.0,Adventure,Telltale Games,0.1,0.05,0.0,0.03,0.18,PlayStation 4
The Walking Dead - The Telltale Series: A New Frontier,2017.0,Adventure,Warner Bros. Interactive Entertainment,0.11,0.04,0.0,0.03,0.17,PlayStation 4
Resident Evil 6,2016.0,Shooter,Capcom,0.1,0.0,0.05,0.02,0.17,PlayStation 4
Final Fantasy XIV: Heavensward,2015.0,MMO,Square Enix,0.0,0.09,0.06,0.02,0.17,PlayStation 4
Final Fantasy XIV: Stormblood,2017.0,MMO,Square Enix,0.05,0.06,0.04,0.02,0.17,PlayStation 4
Guilty Gear Xrd: Sign,2014.0,Fighting,Arc System Works,0.11,0.0,0.04,0.02,0.17,PlayStation 4
Prototype: Biohazard Bundle,2016.0,Action,Activision,0.14,0.0,0.0,0.03,0.17,PlayStation 4
BlazBlue Central Fiction,2016.0,Fighting,PQube,0.1,0.0,0.05,0.02,0.17,PlayStation 4
MXGP 3: The Official Motocross Videogame,2017.0,Racing,Milestone,0.06,0.08,0.0,0.03,0.17,PlayStation 4
Ride 2,2016.0,Racing,Milestone S.r.l,0.07,0.06,0.01,0.03,0.16,PlayStation 4
Dead Rising 4,2017.0,Action-Adventure,Capcom,0.08,0.05,0.0,0.03,0.16,PlayStation 4
Putty Squad,2013.0,Platform,System 3,0.06,0.07,0.0,0.03,0.16,PlayStation 4
Digimon Story: Cyber Sleuth - Hacker's Memory,2017.0,Role-Playing,Namco Bandai Games,0.05,0.05,0.04,0.02,0.16,PlayStation 4
Battlezone,2016.0,Action,Sony Interactive Entertainment,0.09,0.04,0.0,0.03,0.16,PlayStation 4
Naruto Shippuden: Ultimate Ninja Storm Legacy,2017.0,Fighting,Namco Bandai Games,0.07,0.04,0.03,0.02,0.16,PlayStation 4
Berserk and the Band of the Hawk,2016.0,Action,Tecmo Koei,0.07,0.02,0.05,0.02,0.16,PlayStation 4
BlazBlue: Chrono Phantasma Extend,2015.0,Fighting,PQube,0.08,0.04,0.02,0.02,0.16,PlayStation 4
Pillars of Eternity,2017.0,Role-Playing,Paradox Interactive ,0.11,0.02,0.0,0.03,0.16,PlayStation 4
Valkyria: Azure Revolution,2017.0,Role-Playing,Deep Silver,0.04,0.03,0.07,0.02,0.16,PlayStation 4
Gravity Rush Remastered,2015.0,Action-Adventure,Sony Computer Entertainment,0.02,0.06,0.05,0.02,0.16,PlayStation 4
Psycho-Pass: Mandatory Happiness,2016.0,Visual Novel,NIS America,0.1,0.02,0.0,0.03,0.15,PlayStation 4
Brothers: A Tale of Two Sons,2015.0,Adventure,505 Games,0.04,0.09,0.0,0.02,0.15,PlayStation 4
Warriors Orochi 3,2014.0,Action,Tecmo Koei,0.04,0.05,0.04,0.02,0.15,PlayStation 4
Wasteland 2,2015.0,Role-Playing,Deep Silver,0.1,0.0,0.03,0.02,0.15,PlayStation 4
Atelier Sophie: The Alchemist of the Mysterious Book,2015.0,Role-Playing,Tecmo Koei,0.04,0.03,0.07,0.01,0.15,PlayStation 4
NASCAR Heat Evolution,2016.0,Racing,Dusenberry Martin Racing,0.12,0.0,0.0,0.03,0.15,PlayStation 4
Yakuza: Ishin,2014.0,Adventure,Sega,0.0,0.0,0.15,0.0,0.15,PlayStation 4
Toukiden 2,2016.0,Action,Tecmo Koei,0.04,0.0,0.1,0.01,0.15,PlayStation 4
Song of the Deep,2016.0,Action,Insomniac Games,0.12,0.0,0.0,0.03,0.15,PlayStation 4
Super Robot Wars V,2017.0,Role-Playing,Namco Bandai Games,0.0,0.0,0.15,0.0,0.15,PlayStation 4
Blue Reflection: Maboroshi ni Mau - Shoujo no Ken,2017.0,Role-Playing,Tecmo Koei,0.07,0.0,0.06,0.02,0.14,PlayStation 4
Yonmegami Online: Cyber Dimension Neptune,2017.0,Role-Playing,Idea Factory International,0.06,0.0,0.07,0.01,0.14,PlayStation 4
Grand Kingdom,2015.0,Role-Playing,NIS America,0.08,0.0,0.04,0.02,0.14,PlayStation 4
Arslan: The Warriors of Legend,2016.0,Action,Tecmo Koei,0.03,0.04,0.06,0.01,0.14,PlayStation 4
Pro Cycling Manager 2016,2016.0,Sports,Focus Home Interactive,0.0,0.12,0.0,0.02,0.14,PlayStation 4
Shovel Knight,2015.0,Platform,Yacht Club Games,0.08,0.04,0.0,0.02,0.14,PlayStation 4
Adventure Time: Finn & Jake Investigations,2015.0,Action,Little Orbit,0.07,0.05,0.0,0.02,0.14,PlayStation 4
Guilty Gear Xrd -Revelator-,2016.0,Fighting,PQube,0.06,0.0,0.07,0.01,0.14,PlayStation 4
We Happy Few,2018.0,Action-Adventure,Gearbox Software,0.08,0.04,0.0,0.02,0.14,PlayStation 4
Rocksmith 2014 Edition Remastered,2016.0,Music,Ubisoft,0.11,0.0,0.0,0.03,0.14,PlayStation 4
The Crew: Wild Run,2015.0,Racing,Ubisoft,0.0,0.12,0.0,0.02,0.14,PlayStation 4
MXGP 2,2016.0,Racing,Milestone S.r.l.,0.05,0.06,0.0,0.02,0.14,PlayStation 4
MotoGP 17,2017.0,Racing,Koch Media,0.04,0.07,0.0,0.02,0.14,PlayStation 4
Fairy Fencer F: Advent Dark Force,2015.0,Role-Playing,Idea Factory International,0.06,0.0,0.06,0.01,0.14,PlayStation 4
Samurai Warriors 4-II,2015.0,Action,Tecmo Koei,0.04,0.02,0.07,0.01,0.13,PlayStation 4
The Golf Club,2014.0,Sports,Ravenscourt,0.09,0.02,0.0,0.02,0.13,PlayStation 4
Hatsune Miku: Project Diva X,2016.0,Music,Sega,0.08,0.0,0.04,0.02,0.13,PlayStation 4
NASCAR Heat 2,2017.0,Racing,505 Games,0.11,0.0,0.0,0.02,0.13,PlayStation 4
Bulletstorm: Full Clip Edition,2017.0,Shooter,Gearbox Software,0.05,0.06,0.0,0.02,0.13,PlayStation 4
Valentino Rossi: The Game,2016.0,Racing,Namco Bandai Games,0.05,0.05,0.0,0.02,0.13,PlayStation 4
Golf Club 2,2017.0,Sports,Maximum Games,0.05,0.06,0.0,0.02,0.13,PlayStation 4
Akiba's Trip 2,2014.0,Action,Acquire,0.09,0.0,0.02,0.02,0.13,PlayStation 4
Rugby 15,2015.0,Sports,Bigben Interactive,0.05,0.06,0.0,0.02,0.13,PlayStation 4
Utawarerumono: Futari no Hakuoro,2016.0,Visual Novel,Atlus,0.05,0.0,0.07,0.01,0.13,PlayStation 4
The Legend of Heroes: Trails of Cold Steel III,2017.0,Role-Playing,Nihon Falcom Corporation,0.0,0.0,0.13,0.0,0.13,PlayStation 4
Utawarerumono: Itsuwari no Kamen,2015.0,Adventure,Deep Silver,0.05,0.0,0.07,0.01,0.13,PlayStation 4
The Inpatient,2018.0,Action,Sony Interactive Entertainment,0.06,0.05,0.0,0.02,0.13,PlayStation 4
Don Bradman Cricket 14,2015.0,Sports,Tru Blu Entertainment,0.01,0.09,0.0,0.02,0.13,PlayStation 4
Sword Art Online: Hollow Fragment,2015.0,Role-Playing,Namco Bandai Games,0.0,0.11,0.0,0.02,0.12,PlayStation 4
Teenage Mutant Ninja Turtles: Mutants in Manhattan,2016.0,Action,Activision,0.07,0.03,0.0,0.02,0.12,PlayStation 4
Job Simulator,2017.0,Simulation,Sony Interactive Entertainment,0.1,0.0,0.0,0.02,0.12,PlayStation 4
Portal Knights,2017.0,Role-Playing,505 Games,0.02,0.05,0.03,0.01,0.12,PlayStation 4
Samurai Warriors 4: Empires,2015.0,Action,Tecmo Koei,0.03,0.01,0.07,0.01,0.12,PlayStation 4
Danganronpa 1o2 Reload,2017.0,Adventure,NIS America,0.08,0.0,0.02,0.02,0.12,PlayStation 4
God Eater 2: Rage Burst,2015.0,Role-Playing,Namco Bandai Games,0.0,0.01,0.11,0.0,0.12,PlayStation 4
America's Greatest Game Shows: Wheel of Fortune & Jeopardy!,2017.0,Misc,Ubisoft,0.1,0.0,0.0,0.02,0.12,PlayStation 4
Marvel's Guardians of the Galaxy: The Telltale Series,2017.0,Adventure,Warner Bros. Interactive Entertainment,0.06,0.04,0.0,0.02,0.12,PlayStation 4
Digimon Story: Cyber Sleuth,2016.0,Role-Playing,Namco Bandai Games,0.0,0.1,0.0,0.02,0.11,PlayStation 4
Constructor HD,2017.0,Strategy,System 3,0.09,0.0,0.0,0.02,0.11,PlayStation 4
Minecraft: Story Mode - Season Two,2017.0,Adventure,Telltale Games,0.09,0.0,0.0,0.02,0.11,PlayStation 4
Darksiders: Warmastered Edition,2016.0,Action-Adventure,THQ Nordic,0.07,0.02,0.0,0.02,0.11,PlayStation 4
Mighty No. 9,2016.0,Platform,Deep Silver,0.09,0.0,0.0,0.02,0.11,PlayStation 4
The Invisible Hours,2017.0,Adventure,GameTrust,0.09,0.0,0.0,0.02,0.11,PlayStation 4
Monster Energy Supercross - The Official Videogame,2018.0,Racing,Milestone S.r.l.,0.08,0.01,0.0,0.02,0.11,PlayStation 4
The Idolmaster: Platinum Stars,2016.0,Simulation,Namco Bandai Games,0.0,0.0,0.11,0.0,0.11,PlayStation 4
The Witch and the Hundred Knight,2015.0,Role-Playing,NIS America,0.03,0.01,0.06,0.01,0.11,PlayStation 4
SD Gundam G Generation Genesis,2016.0,Strategy,Namco Bandai Games,0.0,0.0,0.11,0.0,0.11,PlayStation 4
Rime,2017.0,Adventure,Grey Box,0.02,0.07,0.0,0.02,0.11,PlayStation 4
Super Robot Wars OG: The Moon Dwellers,2016.0,Misc,Namco Bandai Games,0.0,0.0,0.11,0.0,0.11,PlayStation 4
Gundam Breaker 3,2016.0,Action,Namco Bandai Games,0.0,0.0,0.11,0.0,0.11,PlayStation 4
Earth Defense Force 2025.1: The Shadow of New Despair,2015.0,Shooter,D3Publisher,0.0,0.0,0.11,0.0,0.11,PlayStation 4
Shadow Warrior (2013),2014.0,Shooter,Devolver Digital,0.0,0.09,0.0,0.02,0.11,PlayStation 4
Assassin's Creed Chronicles,2016.0,Action,Ubisoft,0.02,0.05,0.02,0.01,0.11,PlayStation 4
Mega Man Legacy Collection,2016.0,Platform,Capcom,0.09,0.0,0.0,0.02,0.11,PlayStation 4
Pac-Man Championship Edition 2 + Arcade Game Series,2017.0,Action,Namco Bandai Games,0.08,0.0,0.0,0.02,0.1,PlayStation 4
Tokyo Xanadu eX+,2016.0,Role-Playing,Nihon Falcom Corporation,0.05,0.0,0.05,0.01,0.1,PlayStation 4
Stardew Valley,2017.0,Simulation,505 Games,0.04,0.04,0.0,0.02,0.1,PlayStation 4
Romance of the Three Kingdoms 13,2015.0,Action,Tecmo Koei,0.03,0.0,0.06,0.01,0.1,PlayStation 4
Musou Stars,2017.0,Action,Tecmo Koei,0.03,0.0,0.06,0.01,0.1,PlayStation 4
Mega Man Legacy Collection 2,2017.0,Action,Capcom,0.06,0.0,0.02,0.01,0.1,PlayStation 4
Final Fantasy XIV Online Complete Edition,2017.0,MMO,Square Enix,0.07,0.0,0.02,0.02,0.1,PlayStation 4
Devil May Cry 4,2015.0,Action,Capcom,0.01,0.0,0.09,0.0,0.1,PlayStation 4
Puyo Puyo Tetris,2014.0,Puzzle,Sega,0.05,0.03,0.0,0.02,0.1,PlayStation 4
Natural Doctrine,2014.0,Role-Playing,NIS America,0.05,0.02,0.02,0.01,0.1,PlayStation 4
Sudden Strike 4,2017.0,Strategy,Kalypso Media,0.05,0.03,0.01,0.02,0.1,PlayStation 4
Accel World vs. Sword Art Online: Millennium Twilight,2017.0,Action,Namco Bandai Games,0.0,0.03,0.06,0.01,0.1,PlayStation 4
Wolfenstein The Two Pack,2017.0,Shooter,Bethesda Softworks,0.08,0.0,0.0,0.02,0.1,PlayStation 4
Guilty Gear Xrd REV 2,2017.0,Fighting,PQube,0.04,0.01,0.03,0.01,0.1,PlayStation 4
Ultra Street Fighter IV,,Fighting,,0.0,0.08,0.0,0.01,0.1,PlayStation 4
Let's Sing 2016,2015.0,Music,Ravenscourt,0.08,0.0,0.0,0.02,0.1,PlayStation 4
Resident Evil 4 HD,2016.0,Action-Adventure,Capcom,0.07,0.0,0.01,0.02,0.1,PlayStation 4
Nights of Azure 2,2017.0,Action,Tecmo Koei,0.04,0.0,0.04,0.01,0.09,PlayStation 4
The Technomancer,2016.0,Role-Playing,Focus Home Interactive,0.04,0.04,0.0,0.02,0.09,PlayStation 4
Nights of Azure,2015.0,Action,Tecmo Koei,0.04,0.04,0.0,0.02,0.09,PlayStation 4
Taiko no Tatsujin: Drum Session!,2017.0,Music,Namco Bandai Games,0.0,0.0,0.09,0.0,0.09,PlayStation 4
Nobunaga's Ambition: Sphere of Influence - Sengoku Risshiden,2016.0,Strategy,Tecmo Koei,0.03,0.0,0.06,0.01,0.09,PlayStation 4
Grand Ages: Medieval,2015.0,Strategy,Kalypso Media,0.0,0.05,0.03,0.01,0.09,PlayStation 4
Rugby League Live 4,2017.0,Sports,Tru Blu Entertainment,0.0,0.08,0.0,0.01,0.09,PlayStation 4
Toy Soldiers: War Chest,2015.0,Action,Ubisoft,0.07,0.0,0.0,0.02,0.09,PlayStation 4
God Eater Resurrection,2015.0,Action,Namco Bandai Games,0.0,0.0,0.09,0.0,0.09,PlayStation 4
Paragon,2016.0,Action,Sony Interactive Entertainment,0.07,0.0,0.0,0.02,0.09,PlayStation 4
Summon Night 6: Lost Borders,2016.0,Role-Playing,Gaijinworks,0.03,0.0,0.05,0.01,0.09,PlayStation 4
Black Rose Valkyrie,2016.0,Role-Playing,Idea Factory International,0.04,0.0,0.04,0.01,0.09,PlayStation 4
Duke Nukem 3D: 20th Anniversary World Tour,2016.0,Shooter,Gearbox Software,0.07,0.0,0.0,0.02,0.09,PlayStation 4
ATV Drift & Tricks,2017.0,Racing,Funbox Media,0.07,0.0,0.0,0.02,0.09,PlayStation 4
Yoru no Nai Kuni,2015.0,Role-Playing,Tecmo Koei,0.0,0.0,0.09,0.0,0.09,PlayStation 4
Lara Croft and the Temple of Osiris,2014.0,Action,Square Enix,0.0,0.07,0.0,0.01,0.09,PlayStation 4
Dragon's Dogma Online,,Role-Playing,,0.0,0.0,0.09,0.0,0.09,PlayStation 4
Ghostbusters (2016),2016.0,Action,Activision,0.07,0.0,0.0,0.02,0.08,PlayStation 4
Agatha Christie's The ABC Murders,2016.0,Adventure,Microids,0.05,0.02,0.0,0.02,0.08,PlayStation 4
Shantae: Half-Genie Hero,2016.0,Platform,Xseed Games,0.06,0.0,0.01,0.01,0.08,PlayStation 4
Earth Defense Force 4.1: The Shadow of New Despair,2015.0,Shooter,PQube,0.05,0.02,0.0,0.01,0.08,PlayStation 4
The Sexy Brutale,2017.0,Adventure,Badland Studio,0.05,0.02,0.0,0.01,0.08,PlayStation 4
Legend of Kay,2015.0,Action,Nordic Games,0.03,0.03,0.0,0.01,0.08,PlayStation 4
Hasbro Family Fun Pack Conquest Edition,2016.0,Misc,Ubisoft,0.07,0.0,0.0,0.02,0.08,PlayStation 4
Loading Human,2016.0,Adventure,Maximum Games,0.05,0.02,0.0,0.01,0.08,PlayStation 4
Rapala Fishing Pro Series,2017.0,Simulation,GameMill,0.06,0.0,0.0,0.02,0.08,PlayStation 4
Atelier Firis: The Alchemist of the Mysterious Journey,2016.0,Role-Playing,Tecmo Koei,0.02,0.0,0.05,0.01,0.08,PlayStation 4
Dead Rising,2016.0,Action,Capcom,0.04,0.0,0.02,0.01,0.08,PlayStation 4
Assetto Corsa,2016.0,Racing,505 Games,0.0,0.06,0.01,0.01,0.08,PlayStation 4
Akiba's Beat,2016.0,Action,PQube,0.05,0.0,0.01,0.01,0.08,PlayStation 4
WRC 6,2016.0,Racing,PQube,0.03,0.02,0.01,0.01,0.08,PlayStation 4
God Wars: Future Past,2017.0,Role-Playing,NIS America,0.03,0.01,0.02,0.01,0.07,PlayStation 4
Resident Evil 5 HD,2016.0,Action,Capcom,0.05,0.0,0.01,0.01,0.07,PlayStation 4
The Witch and the Hundred Knights 2,2017.0,Role-Playing,Nippon Ichi Software,0.03,0.0,0.03,0.01,0.07,PlayStation 4
Samurai Warriors: Sanada Maru,2016.0,Action,Tecmo Koei,0.02,0.0,0.05,0.01,0.07,PlayStation 4
Project Setsuna,2016.0,Role-Playing,Square Enix,0.0,0.0,0.07,0.0,0.07,PlayStation 4
Has-Been Heroes,2017.0,Action,GameTrust,0.06,0.0,0.0,0.01,0.07,PlayStation 4
Fortune Street: Dragon Quest & Final Fantasy 30th Anniversary,2017.0,Misc,Square Enix,0.0,0.0,0.07,0.0,0.07,PlayStation 4
Styx: Shards of Darknes,2017.0,Action,Focus Home Interactive,0.06,0.0,0.0,0.01,0.07,PlayStation 4
Dead Rising 2,2016.0,Action,Capcom,0.04,0.0,0.02,0.01,0.07,PlayStation 4
The Book of Unwritten Tales 2,2015.0,Adventure,Nordic Games,0.0,0.06,0.0,0.01,0.07,PlayStation 4
Touhou Genso Rondo: Bullet Ballet,2016.0,Shooter,NIS America,0.06,0.0,0.0,0.01,0.07,PlayStation 4
The Walking Dead: A Telltale Series Collection,2017.0,Adventure,Warner Bros. Interactive Entertainment,0.06,0.0,0.0,0.01,0.07,PlayStation 4
The Silver Case,2017.0,Visual Novel,NIS America,0.05,0.0,0.01,0.01,0.07,PlayStation 4
Hunting Simulator,2017.0,Shooter,Bigben Interactive,0.06,0.0,0.0,0.01,0.07,PlayStation 4
WRC 7,2017.0,Racing,Bigben Interactive,0.06,0.0,0.0,0.01,0.07,PlayStation 4
Kamen Rider: Battride War Genesis,2016.0,Action,Namco Bandai Games,0.0,0.0,0.07,0.0,0.07,PlayStation 4
Le Tour de France 2017,2017.0,Simulation,Focus Home Interactive,0.0,0.06,0.0,0.01,0.07,PlayStation 4
City Shrouded in Shadow,2017.0,Action-Adventure,Namco Bandai Games,0.0,0.0,0.07,0.0,0.07,PlayStation 4
SG/ZH: School Girl/Zombie Hunter,2017.0,Action,Aksys Games,0.04,0.0,0.02,0.01,0.07,PlayStation 4
Broken Sword 5: The Serpent's Curse,2015.0,Adventure,Revolution Software,0.0,0.06,0.0,0.01,0.07,PlayStation 4
Terraria,2014.0,Action,505 Games,0.0,0.05,0.01,0.01,0.07,PlayStation 4
Warhammer: The End Times - Vermintide,2016.0,Action,Games Workshop,0.03,0.03,0.0,0.01,0.07,PlayStation 4
Batman: The Enemy Within,2017.0,Adventure,Telltale Games,0.05,0.0,0.0,0.01,0.07,PlayStation 4
Atari Flashback Classics: Volume 1,2016.0,Misc,Atari,0.05,0.0,0.0,0.01,0.07,PlayStation 4
Legend of Kay Anniversary,2015.0,Action,Nordic Games,0.0,0.06,0.0,0.01,0.07,PlayStation 4
Steins;Gate 0,2015.0,Adventure,PQube,0.0,0.0,0.07,0.0,0.07,PlayStation 4
ZombiU,2016.0,Action,Ubisoft,0.0,0.04,0.01,0.01,0.07,PlayStation 4
Risen 3: Titan Lords,2015.0,Role-Playing,Deep Silver,0.0,0.06,0.0,0.01,0.07,PlayStation 4
Mark McMorris Infinite Air,2016.0,Sports,Maximum Games,0.05,0.0,0.0,0.01,0.06,PlayStation 4
Dead or Alive Xtreme 3: Fortune,2016.0,Sports,Tecmo Koei,0.0,0.0,0.06,0.0,0.06,PlayStation 4
Birthdays the Beginning,2017.0,Misc,NIS America,0.05,0.0,0.0,0.01,0.06,PlayStation 4
Rugby 18,2017.0,Sports,Koch Media,0.05,0.0,0.0,0.01,0.06,PlayStation 4
The Binding of Isaac,2017.0,Misc,Nicalis,0.05,0.0,0.0,0.01,0.06,PlayStation 4
Sherlock Holmes: The Devil's Daughter,2016.0,Adventure,Bigben Interactive,0.05,0.0,0.0,0.01,0.06,PlayStation 4
Atelier Liddy and Soeur: Alchemists of the Mysterious Painting,2017.0,Role-Playing,Tecmo Koei,0.03,0.0,0.03,0.01,0.06,PlayStation 4
MX vs. ATV Supercross Encore,2015.0,Sports,Nordic Games,0.0,0.05,0.0,0.01,0.06,PlayStation 4
MX vs ATV Supercross Encore 2017 Track Edition,2017.0,Racing,THQ Nordic,0.05,0.0,0.0,0.01,0.06,PlayStation 4
Sword Art Online: Game Director's Edition,2015.0,Role-Playing,Namco Bandai Games,0.0,0.0,0.06,0.0,0.06,PlayStation 4
Deformers,2017.0,Action,Ready at Dawn,0.05,0.0,0.0,0.01,0.06,PlayStation 4
Nobunaga no Yabou: Souzou,2014.0,Strategy,Tecmo Koei,0.0,0.0,0.06,0.0,0.06,PlayStation 4
Dragon Quest X: All in One Package,2017.0,Role-Playing,Square Enix,0.0,0.0,0.06,0.0,0.06,PlayStation 4
Yomawari: Midnight Shadows,2017.0,Action,NIS America,0.02,0.0,0.04,0.0,0.06,PlayStation 4
Game of Thrones (Telltale),2015.0,Adventure,Telltale Games,0.05,0.0,0.0,0.01,0.06,PlayStation 4
Atari Flashback Classics: Volume 2,2016.0,Misc,Atari,0.05,0.0,0.0,0.01,0.06,PlayStation 4
Outcast: Second Contact,2017.0,Adventure,Maximum Games,0.05,0.0,0.0,0.01,0.06,PlayStation 4
Cartoon Network Battle Crashers,2016.0,Action,Maximum Games,0.05,0.0,0.0,0.01,0.06,PlayStation 4
Handball 16,2015.0,Sports,Bigben Interactive,0.0,0.05,0.0,0.01,0.06,PlayStation 4
Extinction,2018.0,Action,Maximum Games,0.05,0.0,0.0,0.01,0.06,PlayStation 4
Rugby World Cup 2015,2015.0,Sports,Big Ben Interactive,0.0,0.05,0.0,0.01,0.06,PlayStation 4
Exist Archive: The Other Side of the Sky,2015.0,Role-Playing,Aksys Games,0.02,0.0,0.03,0.0,0.06,PlayStation 4
King's Quest: The Complete Collection,2016.0,Adventure,Activision,0.05,0.0,0.0,0.01,0.06,PlayStation 4
Sine Mora,2017.0,Action,THQ Nordic,0.03,0.01,0.0,0.01,0.06,PlayStation 4
Aven Colony,2017.0,Strategy,Sold Out,0.04,0.01,0.0,0.01,0.06,PlayStation 4
Battle Chasers: Nightwar,2017.0,Role-Playing,THQ Nordic,0.03,0.02,0.0,0.01,0.06,PlayStation 4
WRC 5: FIA World Rally Championship,2015.0,Racing,Bigben Interactive,0.0,0.05,0.0,0.01,0.06,PlayStation 4
Black Mirror,2017.0,Adventure,THQ Nordic,0.04,0.0,0.0,0.01,0.05,PlayStation 4
Touhou Genso Wanderer,2017.0,Action,NIS America,0.04,0.0,0.0,0.01,0.05,PlayStation 4
Arcania: Gothic 4,2015.0,Role-Playing,Nordic Games,0.04,0.0,0.0,0.01,0.05,PlayStation 4
Starblood Arena VR,2017.0,Shooter,Sony Interactive Entertainment,0.04,0.0,0.0,0.01,0.05,PlayStation 4
Hellblade,2018.0,Action-Adventure,505 Games,0.03,0.01,0.0,0.01,0.05,PlayStation 4
Bubsy: The Woolies Strike Back,2017.0,Platform,Accolade,0.04,0.0,0.0,0.01,0.05,PlayStation 4
Nitroplus Blasterz: Heroines Infinite Duel,2015.0,Fighting,Marvelous Interactive,0.01,0.01,0.03,0.0,0.05,PlayStation 4
Nobunaga's Ambition: Creation,2014.0,Strategy,Tecmo Koei,0.04,0.0,0.0,0.01,0.05,PlayStation 4
Child of Light,2014.0,Role-Playing,Ubisoft,0.0,0.01,0.04,0.0,0.05,PlayStation 4
Phantasy Star Online 2 Episode 4: Deluxe Package,2017.0,Role-Playing,Sega,0.0,0.0,0.05,0.0,0.05,PlayStation 4
Saints Row: Gat out of Hell,2015.0,Action,Deep Silver,0.0,0.04,0.0,0.01,0.05,PlayStation 4
Werewolves Within,2016.0,Misc,Ubisoft,0.04,0.0,0.0,0.01,0.05,PlayStation 4
Demon Gaze 2,2017.0,Role-Playing,NIS America,0.04,0.0,0.0,0.01,0.05,PlayStation 4
Real Farm,2017.0,Simulation,Soedesco,0.04,0.0,0.0,0.01,0.05,PlayStation 4
Worms: WMD,2016.0,Strategy,Team17 Digital Ltd,0.02,0.02,0.0,0.01,0.05,PlayStation 4
Syberia III,2017.0,Adventure,Microids,0.04,0.0,0.0,0.01,0.05,PlayStation 4
Sengoku Basara: Sanada Yukimura-Den,2016.0,Action,Capcom,0.0,0.0,0.05,0.0,0.05,PlayStation 4
Sengoku Basara 4: Sumeragi,2015.0,Action,Capcom,0.0,0.0,0.05,0.0,0.05,PlayStation 4
Sébastien Loeb Rally Evo,2016.0,Racing,Milestone S.r.l,0.0,0.04,0.0,0.01,0.05,PlayStation 4
Don't Starve,2018.0,Adventure,505 Games,0.04,0.0,0.0,0.01,0.05,PlayStation 4
Monster Jam: Crush It,2016.0,Racing,GameMill,0.04,0.0,0.0,0.01,0.05,PlayStation 4
Prison Architect,2016.0,Simulation,Introversion Software,0.02,0.02,0.0,0.01,0.05,PlayStation 4
Assault Suit Leynos,2016.0,Shooter,Rising Star Games,0.04,0.0,0.0,0.01,0.05,PlayStation 4
Tokyo Twilight Ghost Hunters Daybreak: Special Gigs,2016.0,Adventure,NIS America,0.04,0.0,0.0,0.01,0.05,PlayStation 4
Overcooked,2016.0,Action,Sold Out,0.04,0.0,0.0,0.01,0.05,PlayStation 4
Ben 10 (2017),2017.0,Action,Outright Games,0.04,0.0,0.0,0.01,0.05,PlayStation 4
Dead Alliance,2017.0,Shooter,Maximum Games,0.04,0.0,0.0,0.01,0.04,PlayStation 4
Deer Hunter Reloaded,2017.0,Shooter,Maximum Games,0.04,0.0,0.0,0.01,0.04,PlayStation 4
That's You,2017.0,Party,Sony Interactive Entertainment,0.04,0.0,0.0,0.01,0.04,PlayStation 4
Raid: World War II,2017.0,Shooter,505 Games,0.04,0.0,0.0,0.01,0.04,PlayStation 4
Hyperdimension Neptunia Victory II,2015.0,Role-Playing,Idea Factory International,0.0,0.0,0.04,0.0,0.04,PlayStation 4
Zero Escape The Nonary Games,2017.0,Adventure,Aksys Games,0.03,0.0,0.01,0.01,0.04,PlayStation 4
Rugby Challenge 3,2016.0,Sports,Alternative Software,0.0,0.04,0.0,0.01,0.04,PlayStation 4
Vikings: Wolves of Midgard,2017.0,Action,Kalypso Media,0.03,0.01,0.0,0.01,0.04,PlayStation 4
INSIDE / LIMBO Double Pack,2017.0,Platform,505 Games,0.04,0.0,0.0,0.01,0.04,PlayStation 4
The Talos Principle,2015.0,Puzzle,Nighthawk Interactive,0.0,0.04,0.0,0.01,0.04,PlayStation 4
Megadimension Neptunia VIIR,2017.0,Role-Playing,Compile Heart,0.01,0.0,0.03,0.0,0.04,PlayStation 4
R.B.I. Baseball 2016,2016.0,Sports,MLB.com,0.04,0.0,0.0,0.01,0.04,PlayStation 4
Pure Farming 2018,2018.0,Simulation,Techland,0.02,0.01,0.0,0.01,0.04,PlayStation 4
Air Conflicts: Secret Wars,2016.0,Simulation,Nighthawk Interactive,0.03,0.0,0.0,0.01,0.04,PlayStation 4
Anima - Gate of Memories,2016.0,Action,Avanquest,0.01,0.02,0.0,0.01,0.04,PlayStation 4
Axiom Verge,2017.0,Action,Badland Studio,0.03,0.0,0.0,0.01,0.04,PlayStation 4
Unbox: Newbie's Adventure,2017.0,Action,Merge Games,0.03,0.0,0.0,0.01,0.04,PlayStation 4
Here They Lie,2016.0,Adventure,Sony Interactive Entertainment,0.0,0.03,0.0,0.01,0.04,PlayStation 4
Under Night In-Birth Exe:Latest,2017.0,Fighting,Arc System Works,0.01,0.0,0.03,0.0,0.04,PlayStation 4
Aragami,2016.0,Action,Maximum Games,0.03,0.0,0.0,0.01,0.04,PlayStation 4
Yonder: The Cloud Catcher Chronicles,2017.0,Action,CokeM Interactive,0.03,0.0,0.0,0.01,0.04,PlayStation 4
Assassin's Creed Chronicles: China,2015.0,Action-Adventure,Ubisoft,0.0,0.03,0.0,0.01,0.04,PlayStation 4
JoJo's Bizarre Adventure: Eyes of Heaven,2015.0,Fighting,Namco Bandai Games,0.0,0.0,0.04,0.0,0.04,PlayStation 4
Dungeons 3,2017.0,Strategy,Kalypso Media,0.03,0.0,0.0,0.01,0.04,PlayStation 4
Tour de France 2014,2014.0,Sports,Focus Home Interactive,0.0,0.03,0.0,0.01,0.04,PlayStation 4
Danganronpa Another Episode: Ultra Despair Girls,2017.0,Shooter,NIS America,0.03,0.0,0.01,0.01,0.04,PlayStation 4
Aegis of Earth: Protonovus Assault,2016.0,Action,PQube,0.03,0.01,0.0,0.01,0.04,PlayStation 4
Just Sing,2016.0,Music,Ubisoft,0.03,0.0,0.0,0.01,0.04,PlayStation 4
Wonder Boy: The Dragon's Trap (Remake),2018.0,Platform,Nicalis,0.03,0.0,0.0,0.01,0.04,PlayStation 4
Lumo,2016.0,Puzzle,Rising Star Games,0.03,0.0,0.0,0.01,0.04,PlayStation 4
ABZU,2017.0,Adventure,505 Games,0.03,0.0,0.0,0.01,0.04,PlayStation 4
Shadow Tactics: Blades of the Shogun,2017.0,Strategy,Kalypso Media,0.02,0.01,0.0,0.01,0.04,PlayStation 4
Darkest Dungeon,2018.0,Role-Playing,Merge Games,0.02,0.0,0.01,0.01,0.04,PlayStation 4
R.B.I. Baseball 2017,2017.0,Sports,MLB.com,0.03,0.0,0.0,0.01,0.04,PlayStation 4
Punch Line,2015.0,Adventure,5pb,0.03,0.0,0.0,0.01,0.04,PlayStation 4
VR Karts,2017.0,Racing,Perp Games,0.03,0.0,0.0,0.01,0.04,PlayStation 4
Resident Evil: Umbrella Corps,2016.0,Shooter,Capcom,0.0,0.0,0.04,0.0,0.04,PlayStation 4
Marvel Pinball: Epic Collection Volume 1,2016.0,Puzzle,Nighthawk Interactive,0.03,0.0,0.0,0.01,0.04,PlayStation 4
God Eater Off Shot: Lindow-hen Twin Pack & Animation Vol. 2,2015.0,Misc,Namco Bandai Games,0.0,0.0,0.04,0.0,0.04,PlayStation 4
Infamous: First Light,2014.0,Action,Sony Computer Entertainment,0.0,0.03,0.0,0.0,0.03,PlayStation 4
Raiden V,2017.0,Action,UFO Interactive,0.02,0.0,0.0,0.01,0.03,PlayStation 4
The Peanuts Movie: Snoopy's Grand Adventure,2015.0,Platform,Activision,0.0,0.03,0.0,0.0,0.03,PlayStation 4
The Dwarves,2016.0,Role-Playing,THQ Nordic,0.03,0.0,0.0,0.01,0.03,PlayStation 4
Dynasty Warriors: Eiketsuden,2016.0,Strategy,Tecmo Koei,0.0,0.0,0.03,0.0,0.03,PlayStation 4
Winning Post 8 2016,2016.0,Simulation,Tecmo Koei,0.0,0.0,0.03,0.0,0.03,PlayStation 4
Dragon's Dogma Online: Season 2,2016.0,Action,Capcom,0.0,0.0,0.03,0.0,0.03,PlayStation 4
Coven and Labyrinth of Refrain,2017.0,Action,Nippon Ichi Software,0.01,0.0,0.01,0.0,0.03,PlayStation 4
Super Dungeon Bros,2016.0,Action,Wired Productions,0.02,0.0,0.0,0.01,0.03,PlayStation 4
Blade Arcus from Shining EX,2015.0,Fighting,Sega,0.0,0.0,0.03,0.0,0.03,PlayStation 4
Troll and I,2017.0,Action,Maximum Games,0.02,0.0,0.0,0.01,0.03,PlayStation 4
The Pillars of the Earth,2017.0,Adventure,Kalypso Media,0.02,0.0,0.0,0.01,0.03,PlayStation 4
The Lost Child,2017.0,Action,Kadokawa Games,0.01,0.0,0.01,0.0,0.03,PlayStation 4
Romance of the Three Kingdoms 13 with Power-Up Kit,2017.0,Misc,Tecmo Koei,0.0,0.0,0.03,0.0,0.03,PlayStation 4
Koihime Enbu,2016.0,Fighting,Yeti,0.0,0.0,0.03,0.0,0.03,PlayStation 4
Road Rage,2017.0,Racing,Maximum Games,0.02,0.0,0.0,0.01,0.03,PlayStation 4
Winning Post 8 2017,2017.0,Misc,Tecmo Koei,0.0,0.0,0.03,0.0,0.03,PlayStation 4
Dino Dini's Kick Off Revival,2016.0,Sports,Avanquest,0.0,0.02,0.0,0.0,0.03,PlayStation 4
God Eater Off Shot:Shiou-hen Twin Pack & Animation Vol.5,2016.0,Misc,Namco Bandai Games,0.0,0.0,0.03,0.0,0.03,PlayStation 4
Tumblestone,2016.0,Puzzle,Nighthawk Interactive,0.02,0.0,0.0,0.01,0.03,PlayStation 4
Blackguards 2,2017.0,Strategy,Kalypso Media,0.02,0.0,0.0,0.01,0.03,PlayStation 4
Baja: Edge of Control HD,2017.0,Racing,THQ Nordic,0.02,0.0,0.0,0.01,0.03,PlayStation 4
Crows: Burning Edge,2016.0,Action,Namco Bandai Games,0.0,0.0,0.03,0.0,0.03,PlayStation 4
Geometry Wars 3: Dimensions Evolved,2016.0,Action,Activision,0.02,0.0,0.0,0.01,0.03,PlayStation 4
We Sing (2016),2016.0,Music,THQ Nordic,0.02,0.0,0.0,0.01,0.03,PlayStation 4
Shin Hayarigami 2,2016.0,Adventure,Nippon Ichi Software,0.0,0.0,0.03,0.0,0.03,PlayStation 4
The Town of Light,2017.0,Adventure,Wired Productions,0.02,0.0,0.0,0.01,0.03,PlayStation 4
OlliOlli: Epic Combo Edition,2016.0,Platform,Badland Studio,0.02,0.0,0.0,0.01,0.03,PlayStation 4
Naruto Shippuden Ultimate Ninja Storm 4: Road to Boruto,2017.0,Fighting,Namco Bandai Games,0.0,0.0,0.03,0.0,0.03,PlayStation 4
This War of Mine,,Action,,0.0,0.02,0.0,0.0,0.03,PlayStation 4
Ao no Kanata no Four Rhythm,2017.0,Visual Novel,Sprite,0.0,0.0,0.03,0.0,0.03,PlayStation 4
Zero Escape: Zero Time Dilemma,2017.0,Adventure,Aksys Games,0.02,0.0,0.0,0.0,0.03,PlayStation 4
AereA,2017.0,Role-Playing,Soedesco,0.02,0.0,0.0,0.0,0.03,PlayStation 4
Root Letter,2016.0,Visual Novel,PQube,0.0,0.0,0.03,0.0,0.03,PlayStation 4
ClaDun Sengoku,2017.0,Action,NIS America,0.02,0.0,0.0,0.0,0.03,PlayStation 4
The Girl and the Robot,2017.0,Misc,Soedesco,0.02,0.0,0.0,0.0,0.03,PlayStation 4
Omega Quintet,2014.0,Role-Playing,Compile Heart,0.0,0.0,0.02,0.0,0.03,PlayStation 4
Touhou Kobuto V: Burst Battle,2017.0,Shooter,NIS America,0.02,0.0,0.0,0.0,0.03,PlayStation 4
God Eater Off Shot: Soma Shikkuzaru-hen Twin Pack & Animation Vol.4,2016.0,Action,Namco Bandai Games,0.0,0.0,0.02,0.0,0.02,PlayStation 4
Rugby League Live 3,2015.0,Sports,Tru Blu Entertainment,0.0,0.02,0.0,0.0,0.02,PlayStation 4
Omega Labyrinth Z,2017.0,Role-Playing,D3Publisher,0.0,0.0,0.02,0.0,0.02,PlayStation 4
Lost Sphear,2017.0,Role-Playing,Square Enix,0.0,0.0,0.02,0.0,0.02,PlayStation 4
Superbeat: Xonic,2017.0,Music,PM Studios,0.02,0.0,0.0,0.0,0.02,PlayStation 4
Republique,2016.0,Action-Adventure,Gunho Online Entertainment,0.0,0.01,0.01,0.0,0.02,PlayStation 4
Super Stardust Ultra VR,2016.0,Shooter,Sony Interactive Entertainment,0.0,0.02,0.0,0.0,0.02,PlayStation 4
Redout,2017.0,Racing,505 Games,0.02,0.0,0.0,0.0,0.02,PlayStation 4
Resident Evil: Value Pack,2016.0,Action-Adventure,Capcom,0.0,0.0,0.02,0.0,0.02,PlayStation 4
God Eater Off Shot: Tachibana Sakuya-hen Twin Pack & Animation Vol.7,2016.0,Action,Namco Bandai Games,0.0,0.0,0.02,0.0,0.02,PlayStation 4
PaRappa the Rapper Remastered,2017.0,Music,Sony Interactive Entertainment,0.0,0.0,0.02,0.0,0.02,PlayStation 4
Earth's Dawn,2016.0,Action,Rising Star Games,0.02,0.0,0.0,0.0,0.02,PlayStation 4
Big Buck Hunter Arcade,2016.0,Shooter,GameMill Entertainment,0.02,0.0,0.0,0.0,0.02,PlayStation 4
Dungeons 2,2016.0,Role-Playing,Kalypso Media,0.02,0.0,0.0,0.0,0.02,PlayStation 4
Tricky Towers,2017.0,Puzzle,Soedesco,0.02,0.0,0.0,0.0,0.02,PlayStation 4
No Heroes Allowed! VR,2017.0,Strategy,Sony Interactive Entertainment,0.0,0.0,0.02,0.0,0.02,PlayStation 4
ArmaGallant: Decks of Destiny,2017.0,Strategy,Maximum Games,0.02,0.0,0.0,0.0,0.02,PlayStation 4
Carmageddon: Max Damage,2016.0,Action,Stainless Games,0.02,0.0,0.0,0.0,0.02,PlayStation 4
Armello,2018.0,Strategy,League of Geeks,0.02,0.0,0.0,0.0,0.02,PlayStation 4
Shaq-Fu: A Legend Reborn,2018.0,Action,Wired Productions,0.02,0.0,0.0,0.0,0.02,PlayStation 4
Patapon Remastered,2017.0,Music,Sony Interactive Entertainment,0.0,0.0,0.02,0.0,0.02,PlayStation 4
Monster Hunter Frontier Z: Beginner's Package,2016.0,Action,Capcom,0.0,0.0,0.02,0.0,0.02,PlayStation 4
Professional Farmer 2016,2015.0,Action,Namco Bandai Games,0.0,0.02,0.0,0.0,0.02,PlayStation 4
Natsuiro High School: Seishun Hakusho,2015.0,Action,D3Publisher,0.0,0.0,0.02,0.0,0.02,PlayStation 4
The Inner World: The Last Wind Monk,2017.0,Puzzle,Kalypso Media,0.02,0.0,0.0,0.0,0.02,PlayStation 4
SteamWorld Collection,2016.0,Misc,Rising Star Games,0.02,0.0,0.0,0.0,0.02,PlayStation 4
Konoyo no Hate de Koi o Utau Shoujo: Yu-No,2017.0,Visual Novel,5pb,0.0,0.0,0.02,0.0,0.02,PlayStation 4
God Eater Off Shot: Fujiki Kota-hen Twin Pack & Animation Vol.6,2016.0,Misc,Namco Bandai Games,0.0,0.0,0.02,0.0,0.02,PlayStation 4
Genkai Tokki: Castle Panzers,2017.0,Role-Playing,Compile Heart,0.0,0.0,0.02,0.0,0.02,PlayStation 4
Skullgirls: 2nd Encore,2016.0,Fighting,Arc System Works,0.0,0.0,0.02,0.0,0.02,PlayStation 4
This Is The Police,2017.0,Simulation,THQ Nordic,0.01,0.0,0.0,0.0,0.02,PlayStation 4
Rabbids Invasion: The Interactive TV Show,2014.0,Misc,Ubisoft,0.0,0.01,0.0,0.0,0.02,PlayStation 4
FlatOut 4: Total Insanity,2017.0,Racing,Bigben Interactive,0.01,0.0,0.0,0.0,0.02,PlayStation 4
Chaos;Child,2015.0,Visual Novel,PQube,0.0,0.0,0.02,0.0,0.02,PlayStation 4
Touhou Shinhiroku: Urban Legend in Limbo,2016.0,Fighting,Mediascape,0.0,0.0,0.02,0.0,0.02,PlayStation 4
Rogue Trooper: Redux,2017.0,Shooter,Rebellion,0.01,0.0,0.0,0.0,0.02,PlayStation 4
Space Hulk: Deathwing,2015.0,Shooter,Focus Home Interactive,0.0,0.01,0.0,0.0,0.02,PlayStation 4
Pharaonic,2017.0,Action,Soedesco,0.01,0.0,0.0,0.0,0.02,PlayStation 4
White Day,2017.0,Action,PQube,0.0,0.01,0.01,0.0,0.02,PlayStation 4
Torment: Tides of Numenera,2017.0,Role-Playing,Techland,0.01,0.0,0.0,0.0,0.01,PlayStation 4
Let It Die,2017.0,Action,GungHo,0.0,0.01,0.01,0.0,0.01,PlayStation 4
Summer Lesson: Miyamoto Hikari Collection,2017.0,Adventure,Namco Bandai Games,0.0,0.0,0.01,0.0,0.01,PlayStation 4
Raven's Cry,2015.0,Role-Playing,TopWare Interactive,0.0,0.01,0.0,0.0,0.01,PlayStation 4
New Game! The Challenge Stage!,2017.0,Adventure,5pb,0.0,0.0,0.01,0.0,0.01,PlayStation 4
Hakoniwa Company Works,2017.0,Strategy,Nippon Ichi Software,0.0,0.0,0.01,0.0,0.01,PlayStation 4
DJ Max Respect,2017.0,Misc,Arc System Works,0.0,0.0,0.01,0.0,0.01,PlayStation 4
Battle Worlds: Kronos,2016.0,Strategy,Nordic Games,0.01,0.0,0.0,0.0,0.01,PlayStation 4
Dragon's Dogma Online: Season 3,2017.0,Role-Playing,Capcom,0.0,0.0,0.01,0.0,0.01,PlayStation 4
Occultic;Nine,2017.0,Adventure,5pb,0.0,0.0,0.01,0.0,0.01,PlayStation 4
Kono Subarashii Sekai ni Shukufuku o! Kono Yokubukai Game ni Shinpan o!,2017.0,Adventure,5pb,0.0,0.0,0.01,0.0,0.01,PlayStation 4
Battle Garegga Rev.2016,2016.0,Strategy,M2,0.0,0.0,0.01,0.0,0.01,PlayStation 4
Yahari Game Demo Ore no Seishun Love-Kome wa Machigatteiru. & Zoku: Oatome Set,2017.0,Adventure,5pb,0.0,0.0,0.01,0.0,0.01,PlayStation 4
Farming 2017 - The Simulation,2016.0,Simulation,UIG Entertainment,0.0,0.01,0.0,0.0,0.01,PlayStation 4
Re:Zero - Kara Hajimeru Isekai Seikatsu - Death or Kiss,2017.0,Adventure,5pb,0.0,0.0,0.01,0.0,0.01,PlayStation 4
Zombie Vikings,2016.0,Action,Rising Star Games,0.0,0.01,0.0,0.0,0.01,PlayStation 4
ATV Renegades,2017.0,Racing,Nighthawk Interactive,0.01,0.0,0.0,0.0,0.01,PlayStation 4
Ziggurat,2016.0,Shooter,Soedesco,0.0,0.01,0.0,0.0,0.01,PlayStation 4
Chaos;Child: Love Chu Chu!!,2017.0,Visual Novel,5pb,0.0,0.0,0.01,0.0,0.01,PlayStation 4
Moto Racer 4,2016.0,Racing,PQube,0.01,0.0,0.0,0.0,0.01,PlayStation 4
LocoRoco Remastered,2017.0,Platform,Sony Interactive Entertainment,0.0,0.0,0.01,0.0,0.01,PlayStation 4
Lock's Quest,2017.0,Strategy,THQ Nordic,0.01,0.0,0.0,0.0,0.01,PlayStation 4
Gal Gun: Double Peace,2015.0,Action,PQube,0.0,0.0,0.01,0.0,0.01,PlayStation 4
Woodcutter Simulator 2016,2015.0,Action,Namco Bandai Games,0.0,0.01,0.0,0.0,0.01,PlayStation 4
Akiba's Trip 2+A,2017.0,Adventure,Acquire,0.0,0.0,0.01,0.0,0.01,PlayStation 4
Date-A-Live Twin Edition: Rio Reincarnation,2017.0,Adventure,Compile Heart,0.0,0.0,0.01,0.0,0.01,PlayStation 4
Valhalla Hills,2017.0,Strategy,Kalypso Media,0.01,0.0,0.0,0.0,0.01,PlayStation 4
Deception IV: Blood Ties,2015.0,Action,Tecmo Koei,0.0,0.0,0.01,0.0,0.01,PlayStation 4
One Piece: Unlimited World Red,2017.0,Action,Namco Bandai Games,0.0,0.0,0.01,0.0,0.01,PlayStation 4
Hyper Light Drifter,2017.0,Role-Playing,Active Gaming Media,0.0,0.0,0.01,0.0,0.01,PlayStation 4
Teslagrad,2014.0,Platform,Rain Games,0.0,0.01,0.0,0.0,0.01,PlayStation 4
Darius Burst: Chronicle Saviours,2017.0,Action,Kadokawa Games,0.0,0.0,0.01,0.0,0.01,PlayStation 4
The Escapists: The Walking Dead,2016.0,Action,Team17 Software,0.0,0.0,0.0,0.0,0.01,PlayStation 4
Super Meat Boy,2016.0,Platform,Team Meat,0.0,0.0,0.0,0.0,0.01,PlayStation 4
Blood Bowl 2,2015.0,Sports,Focus Home Interactive,0.0,0.0,0.0,0.0,0.0,PlayStation 4
The Witness,2016.0,Misc,"Thekla, Inc.",0.0,0.0,0.0,0.0,0.0,PlayStation 4
Quantic Dream Collection,2015.0,Action,Sony Computer Entertainment,0.0,0.0,0.0,0.0,0.0,PlayStation 4
Iwaihime: Matsuri,2017.0,Adventure,Nippon Ichi Software,0.0,0.0,0.0,0.0,0.0,PlayStation 4
RepKiss,2017.0,Adventure,Entergram,0.0,0.0,0.0,0.0,0.0,PlayStation 4
War Thunder,2017.0,Action,DMM Games,0.0,0.0,0.0,0.0,0.0,PlayStation 4
Tsuihou Senkyo,2017.0,Adventure,Nippon Ichi Software,0.0,0.0,0.0,0.0,0.0,PlayStation 4
Hustle Kings VR,2016.0,Sports,Sony Interactive Entertainment,0.0,0.0,0.0,0.0,0.0,PlayStation 4
Toki Tori 2+,2016.0,Puzzle,Two Tribes,0.0,0.0,0.0,0.0,0.0,PlayStation 4
Deception IV: The Nightmare Princess,2015.0,Action,Tecmo Koei,0.0,0.0,0.0,0.0,0.0,PlayStation 4
Kingdom Hearts HD I.5 + II.5 ReMIX,2017.0,Action,Square Enix,0.0,0.0,0.0,0.0,0.0,PlayStation 4
Fushigi no Chronicle: Furikaerimasen Katsu Madewa,2015.0,Action,Spike Chunsoft,0.0,0.0,0.0,0.0,0.0,PlayStation 4
A Boy and His Blob,,Platform,,0.0,0.0,0.0,0.0,0.0,PlayStation 4
Agatha Christie: The ABC Murders,2016.0,Adventure,Microids,0.0,0.0,0.0,0.0,0.0,PlayStation 4
Ancients of Ooga - The Forgotten Chapters,2016.0,Platform,Koch Media,0.0,0.0,0.0,0.0,0.0,PlayStation 4
Another World,,Adventure,,0.0,0.0,0.0,0.0,0.0,PlayStation 4
Ape Escape 2,,Platform,,0.0,0.0,0.0,0.0,0.0,PlayStation 4
Bee Tap Extreme,,Action,,0.0,0.0,0.0,0.0,0.0,PlayStation 4
Blacklight: Retribution,2013.0,Misc,Perfect World Entertainment,0.0,0.0,0.0,0.0,0.0,PlayStation 4
Bladestorm: The Hundred Years' War,2015.0,Action,BioWare,0.0,0.0,0.0,0.0,0.0,PlayStation 4
Brothers in Arms: Furious 4,2019.0,Shooter,Ubisoft,0.0,0.0,0.0,0.0,0.0,PlayStation 4
Cel Damage,,Misc,,0.0,0.0,0.0,0.0,0.0,PlayStation 4
Woolfe: The Red Hood Diaries,,Adventure,,0.0,0.0,0.0,0.0,0.0,PlayStation 4
Dark Cloud 2,,Role-Playing,,0.0,0.0,0.0,0.0,0.0,PlayStation 4
DC Universe Online,2013.0,MMO,Sony Online Entertainment,0.0,0.0,0.0,0.0,0.0,PlayStation 4
Fez,,Misc,,0.0,0.0,0.0,0.0,0.0,PlayStation 4
Guardian Knight,,Misc,,0.0,0.0,0.0,0.0,0.0,PlayStation 4
Heavy Rain,,Adventure,,0.0,0.0,0.0,0.0,0.0,PlayStation 4
Industry Giant II,2017.0,Strategy,UIG Entertainment,0.0,0.0,0.0,0.0,0.0,PlayStation 4
King's Quest I: Quest for the Crown (VGA Version),,Misc,,0.0,0.0,0.0,0.0,0.0,PlayStation 4
Kingdom Under Fire II,2014.0,Misc,Unknown,0.0,0.0,0.0,0.0,0.0,PlayStation 4
Ladybug Puzzle,,Misc,,0.0,0.0,0.0,0.0,0.0,PlayStation 4
Maniac Mansion: Day of the Tentacle,,Adventure,,0.0,0.0,0.0,0.0,0.0,PlayStation 4
Metal Slug 3,,Shooter,,0.0,0.0,0.0,0.0,0.0,PlayStation 4
Mount & Blade: Warband,2016.0,Role-Playing,Taleworlds,0.0,0.0,0.0,0.0,0.0,PlayStation 4
Pier Solar and the Great Architects,,Role-Playing,,0.0,0.0,0.0,0.0,0.0,PlayStation 4
Piggy Adventure,,Misc,,0.0,0.0,0.0,0.0,0.0,PlayStation 4
PlanetSide 2,,Shooter,,0.0,0.0,0.0,0.0,0.0,PlayStation 4
Psychonauts,2017.0,Action,Sony Interactive Entertainment,0.0,0.0,0.0,0.0,0.0,PlayStation 4
Resident Evil 5,2016.0,Action,Capcom,0.0,0.0,0.0,0.0,0.0,PlayStation 4
Sound Shapes,,Misc,,0.0,0.0,0.0,0.0,0.0,PlayStation 4
Star Ocean: Till The End of Time,,Role-Playing,,0.0,0.0,0.0,0.0,0.0,PlayStation 4
Super Motherload,,Misc,,0.0,0.0,0.0,0.0,0.0,PlayStation 4
The Amazing Spider-Man 2,2014.0,Misc,Activision,0.0,0.0,0.0,0.0,0.0,PlayStation 4
The King of Fighters 2000,,Fighting,,0.0,0.0,0.0,0.0,0.0,PlayStation 4
Rack N Ruin,,Adventure,,0.0,0.0,0.0,0.0,0.0,PlayStation 4
Ether One,2015.0,Adventure,Soedesco,0.0,0.0,0.0,0.0,0.0,PlayStation 4
Uncharted 2: Among Thieves,2016.0,Action,Sony Interactive Entertainment,0.0,0.0,0.0,0.0,0.0,PlayStation 4
Uncharted 3: Drake's Deception,2016.0,Action,Sony Interactive Entertainment,0.0,0.0,0.0,0.0,0.0,PlayStation 4
Uncharted Waters Online: Gran Atlas,,Role-Playing,,0.0,0.0,0.0,0.0,0.0,PlayStation 4
Uncharted: Drake's Fortune,2016.0,Action,Sony Interactive Entertainment,0.0,0.0,0.0,0.0,0.0,PlayStation 4
Werewolves vs Vampires,,Misc,,0.0,0.0,0.0,0.0,0.0,PlayStation 4
Awesomenauts,2014.0,Misc,DTP Entertainment,0.0,0.0,0.0,0.0,0.0,PlayStation 4
Dust: An Elysian Tail,,Platform,,0.0,0.0,0.0,0.0,0.0,PlayStation 4
Skullgirls,,Fighting,,0.0,0.0,0.0,0.0,0.0,PlayStation 4
flower,,Adventure,,0.0,0.0,0.0,0.0,0.0,PlayStation 4
Gran Turismo HD Concept,,Misc,,0.0,0.0,0.0,0.0,0.0,PlayStation 4
PixelJunk Shooter,,Shooter,,0.0,0.0,0.0,0.0,0.0,PlayStation 4
PixelJunk Shooter 2,,Misc,,0.0,0.0,0.0,0.0,0.0,PlayStation 4
Rainbow Moon,,Role-Playing,,0.0,0.0,0.0,0.0,0.0,PlayStation 4
Dear Esther,,Adventure,,0.0,0.0,0.0,0.0,0.0,PlayStation 4
Oddworld: Abe's Oddysee New N' Tasty!,,Misc,,0.0,0.0,0.0,0.0,0.0,PlayStation 4
Broken Age,2015.0,Adventure,Nordic Games,0.0,0.0,0.0,0.0,0.0,PlayStation 4
Apotheon,,Platform,,0.0,0.0,0.0,0.0,0.0,PlayStation 4
Two Brothers,,Role-Playing,,0.0,0.0,0.0,0.0,0.0,PlayStation 4
Slender: The Arrival,2015.0,Adventure,Unknown,0.0,0.0,0.0,0.0,0.0,PlayStation 4
deep down (Working Title),2020.0,Misc,Capcom,0.0,0.0,0.0,0.0,0.0,PlayStation 4
Hotline Miami,,Action,,0.0,0.0,0.0,0.0,0.0,PlayStation 4
The Unfinished Swan,,Adventure,,0.0,0.0,0.0,0.0,0.0,PlayStation 4
Human Element,2015.0,Misc,Unknown,0.0,0.0,0.0,0.0,0.0,PlayStation 4
Whore of the Orient,2020.0,Misc,Warner Bros. Interactive Entertainment,0.0,0.0,0.0,0.0,0.0,PlayStation 4
Cyberpunk 2077,2018.0,Action-Adventure,CD Projekt Red Studio,0.0,0.0,0.0,0.0,0.0,PlayStation 4
Final Fantasy (PS4),2020.0,Misc,Square Enix,0.0,0.0,0.0,0.0,0.0,PlayStation 4
Transistor,,Role-Playing,,0.0,0.0,0.0,0.0,0.0,PlayStation 4
The Swapper,,Misc,,0.0,0.0,0.0,0.0,0.0,PlayStation 4
Outlast,,Misc,,0.0,0.0,0.0,0.0,0.0,PlayStation 4
Contrast,2013.0,Misc,Compulsion Games,0.0,0.0,0.0,0.0,0.0,PlayStation 4
Guacamelee!,,Action,,0.0,0.0,0.0,0.0,0.0,PlayStation 4
Carmageddon: Reincarnation,2015.0,Misc,Stainless Games,0.0,0.0,0.0,0.0,0.0,PlayStation 4
Rocketbirds 2: Evolution,2020.0,Misc,Unknown,0.0,0.0,0.0,0.0,0.0,PlayStation 4
Primal Carnage: Genesis,2020.0,Misc,Unknown,0.0,0.0,0.0,0.0,0.0,PlayStation 4
Doki-Doki Universe,,Misc,,0.0,0.0,0.0,0.0,0.0,PlayStation 4
Hohokum,,Adventure,,0.0,0.0,0.0,0.0,0.0,PlayStation 4
CounterSpy,,Action,,0.0,0.0,0.0,0.0,0.0,PlayStation 4
War Thunder,,Misc,,0.0,0.0,0.0,0.0,0.0,PlayStation 4
Warframe,,Misc,,0.0,0.0,0.0,0.0,0.0,PlayStation 4
The Banner Saga,,Role-Playing,,0.0,0.0,0.0,0.0,0.0,PlayStation 4
BADLAND,,Action,,0.0,0.0,0.0,0.0,0.0,PlayStation 4
Sparkle 2,,Puzzle,,0.0,0.0,0.0,0.0,0.0,PlayStation 4
Daylight,,Misc,,0.0,0.0,0.0,0.0,0.0,PlayStation 4
Peggle 2,,Puzzle,,0.0,0.0,0.0,0.0,0.0,PlayStation 4
Kingdom Hearts III,2019.0,Role-Playing,Square Enix,0.0,0.0,0.0,0.0,0.0,PlayStation 4
Mercenary Kings,,Misc,,0.0,0.0,0.0,0.0,0.0,PlayStation 4
Secret Ponchos,,Misc,,0.0,0.0,0.0,0.0,0.0,PlayStation 4
Octodad: Dadliest Catch,,Misc,,0.0,0.0,0.0,0.0,0.0,PlayStation 4
Galak-Z,,Action,,0.0,0.0,0.0,0.0,0.0,PlayStation 4
Ray's the Dead,,Misc,,0.0,0.0,0.0,0.0,0.0,PlayStation 4
Yaiba: Ninja Gaiden Z,2014.0,Misc,Tecmo Koei,0.0,0.0,0.0,0.0,0.0,PlayStation 4
KickBeat,,Misc,,0.0,0.0,0.0,0.0,0.0,PlayStation 4
Tiny Brains,,Puzzle,,0.0,0.0,0.0,0.0,0.0,PlayStation 4
Stick It to the Man,,Misc,,0.0,0.0,0.0,0.0,0.0,PlayStation 4
Aban Hawkins & the 1001 Spikes,,Misc,,0.0,0.0,0.0,0.0,0.0,PlayStation 4
Home - a Unique Horror Adventure,,Misc,,0.0,0.0,0.0,0.0,0.0,PlayStation 4
Soul Saga,,Misc,,0.0,0.0,0.0,0.0,0.0,PlayStation 4
Pinball Arcade,2013.0,Misc,FarSight Studios,0.0,0.0,0.0,0.0,0.0,PlayStation 4
Toukiden: The Age of Demons,2014.0,Action,Tecmo Koei,0.0,0.0,0.0,0.0,0.0,PlayStation 4
Reus,2016.0,Strategy,Soedesco,0.0,0.0,0.0,0.0,0.0,PlayStation 4
Strider (2014),2014.0,Platform,Capcom,0.0,0.0,0.0,0.0,0.0,PlayStation 4
Rogue Legacy,,Action,,0.0,0.0,0.0,0.0,0.0,PlayStation 4
EverQuest Next,2019.0,MMO,Sony Online Entertainment,0.0,0.0,0.0,0.0,0.0,PlayStation 4
Project Phoenix,,Misc,,0.0,0.0,0.0,0.0,0.0,PlayStation 4
Defense Grid 2,,Misc,,0.0,0.0,0.0,0.0,0.0,PlayStation 4
Drifter: A Space Trading Game,,Simulation,,0.0,0.0,0.0,0.0,0.0,PlayStation 4
Volume,,Action,,0.0,0.0,0.0,0.0,0.0,PlayStation 4
Hellraid,,Misc,,0.0,0.0,0.0,0.0,0.0,PlayStation 4
SteamWorld Dig: A Fistful of Dirt,,Platform,,0.0,0.0,0.0,0.0,0.0,PlayStation 4
Armikrog,,Adventure,,0.0,0.0,0.0,0.0,0.0,PlayStation 4
Chasm,,Misc,,0.0,0.0,0.0,0.0,0.0,PlayStation 4
XING: The Land Beyond,,Action,,0.0,0.0,0.0,0.0,0.0,PlayStation 4
There Came an Echo,,Misc,,0.0,0.0,0.0,0.0,0.0,PlayStation 4
Strike Suit Zero,,Misc,,0.0,0.0,0.0,0.0,0.0,PlayStation 4
Basement Crawl,,Misc,,0.0,0.0,0.0,0.0,0.0,PlayStation 4
Velocity 2X,2014.0,Action,Futurlab 1,0.0,0.0,0.0,0.0,0.0,PlayStation 4
Helldivers,2015.0,Action,Sony Computer Entertainment,0.0,0.0,0.0,0.0,0.0,PlayStation 4
RESOGUN,,Shooter,,0.0,0.0,0.0,0.0,0.0,PlayStation 4
Everybody's Gone to the Rapture,,Adventure,,0.0,0.0,0.0,0.0,0.0,PlayStation 4
Murasaki Baby,,Action,,0.0,0.0,0.0,0.0,0.0,PlayStation 4
Hotline Miami 2: Wrong Number,,Misc,,0.0,0.0,0.0,0.0,0.0,PlayStation 4
Shadow of the Beast (PS4),,Action-Adventure,,0.0,0.0,0.0,0.0,0.0,PlayStation 4
WonderFlick,2014.0,Misc,Level 5,0.0,0.0,0.0,0.0,0.0,PlayStation 4
Monochroma,2014.0,Misc,Nowhere Studios,0.0,0.0,0.0,0.0,0.0,PlayStation 4
H-Hour: World's Elite,,Misc,,0.0,0.0,0.0,0.0,0.0,PlayStation 4
SPORTSFRIENDS,,Misc,,0.0,0.0,0.0,0.0,0.0,PlayStation 4
Unmechanical,,Puzzle,,0.0,0.0,0.0,0.0,0.0,PlayStation 4
Divekick,,Misc,,0.0,0.0,0.0,0.0,0.0,PlayStation 4
Lily Bergamo,2014.0,Misc,GungHo,0.0,0.0,0.0,0.0,0.0,PlayStation 4
Valiant Hearts: The Great War,,Misc,,0.0,0.0,0.0,0.0,0.0,PlayStation 4
OlliOlli,,Sports,,0.0,0.0,0.0,0.0,0.0,PlayStation 4
Switch Galaxy Ultra,,Misc,,0.0,0.0,0.0,0.0,0.0,PlayStation 4
Anomaly 2,,Misc,,0.0,0.0,0.0,0.0,0.0,PlayStation 4
Legend of Raven,,Misc,,0.0,0.0,0.0,0.0,0.0,PlayStation 4
Stealth Inc.,,Misc,,0.0,0.0,0.0,0.0,0.0,PlayStation 4
Night in the Woods,,Adventure,,0.0,0.0,0.0,0.0,0.0,PlayStation 4
Tales from the Borderlands,,Adventure,,0.0,0.0,0.0,0.0,0.0,PlayStation 4
Kodoku,,Misc,,0.0,0.0,0.0,0.0,0.0,PlayStation 4
Get Even,2015.0,Misc,Unknown,0.0,0.0,0.0,0.0,0.0,PlayStation 4
Ready to Run,,Misc,,0.0,0.0,0.0,0.0,0.0,PlayStation 4
Worms Battlegrounds,,Misc,,0.0,0.0,0.0,0.0,0.0,PlayStation 4
Assassin's Creed Freedom Cry,,Misc,,0.0,0.0,0.0,0.0,0.0,PlayStation 4
Dungeon Defenders II,,Action,,0.0,0.0,0.0,0.0,0.0,PlayStation 4
Razor Global Domination Pro Tour ,,Misc,,0.0,0.0,0.0,0.0,0.0,PlayStation 4
Pavilion,,Misc,,0.0,0.0,0.0,0.0,0.0,PlayStation 4
forma.8,,Misc,,0.0,0.0,0.0,0.0,0.0,PlayStation 4
TowerFall,2014.0,Misc,Unknown,0.0,0.0,0.0,0.0,0.0,PlayStation 4
Gone Home ,,Adventure,,0.0,0.0,0.0,0.0,0.0,PlayStation 4
Costume Quest 2,,Role-Playing,,0.0,0.0,0.0,0.0,0.0,PlayStation 4
Pure Chess,,Misc,,0.0,0.0,0.0,0.0,0.0,PlayStation 4
Aztez,,Misc,,0.0,0.0,0.0,0.0,0.0,PlayStation 4
Not a Hero,,Misc,,0.0,0.0,0.0,0.0,0.0,PlayStation 4
SOMA (2015),2015.0,Misc,Frictional Games,0.0,0.0,0.0,0.0,0.0,PlayStation 4
Cult County,2015.0,Misc,Renegade Kid,0.0,0.0,0.0,0.0,0.0,PlayStation 4
Adr1ft,,Adventure,,0.0,0.0,0.0,0.0,0.0,PlayStation 4
R.B.I. Baseball 14,2014.0,Misc,MLB.com,0.0,0.0,0.0,0.0,0.0,PlayStation 4
Citizens of Earth,,Misc,,0.0,0.0,0.0,0.0,0.0,PlayStation 4
H1Z1,,Shooter,,0.0,0.0,0.0,0.0,0.0,PlayStation 4
Blue Estate ,2014.0,Misc,Focus Home Interactive,0.0,0.0,0.0,0.0,0.0,PlayStation 4
Road Not Taken,,Misc,,0.0,0.0,0.0,0.0,0.0,PlayStation 4
Source,,Misc,,0.0,0.0,0.0,0.0,0.0,PlayStation 4
Backgammon Blitz,,Misc,,0.0,0.0,0.0,0.0,0.0,PlayStation 4
Hitman GO,,Puzzle,,0.0,0.0,0.0,0.0,0.0,PlayStation 4
MechRunner,,Misc,,0.0,0.0,0.0,0.0,0.0,PlayStation 4
The Chainsaw Incident,,Misc,,0.0,0.0,0.0,0.0,0.0,PlayStation 4
Chariot,,Adventure,,0.0,0.0,0.0,0.0,0.0,PlayStation 4
Nidhogg,,Action,,0.0,0.0,0.0,0.0,0.0,PlayStation 4
Ironclad Tactics,,Misc,,0.0,0.0,0.0,0.0,0.0,PlayStation 4
MouseCraft,,Misc,,0.0,0.0,0.0,0.0,0.0,PlayStation 4
Starwhal: Just the Tip,,Misc,,0.0,0.0,0.0,0.0,0.0,PlayStation 4
Crimsonland,,Misc,,0.0,0.0,0.0,0.0,0.0,PlayStation 4
VizionEck,,Misc,,0.0,0.0,0.0,0.0,0.0,PlayStation 4
Pure Pool ,2014.0,Misc,Triniti Interactive,0.0,0.0,0.0,0.0,0.0,PlayStation 4
Without Memory,2016.0,Misc,Unknown,0.0,0.0,0.0,0.0,0.0,PlayStation 4
Firewatch,,Adventure,,0.0,0.0,0.0,0.0,0.0,PlayStation 4
Never Alone,,Misc,,0.0,0.0,0.0,0.0,0.0,PlayStation 4
The Last Tinker: City of Colors,,Platform,,0.0,0.0,0.0,0.0,0.0,PlayStation 4
Bombshell,2014.0,Misc,3D Realms,0.0,0.0,0.0,0.0,0.0,PlayStation 4
Red Goddess,,Platform,,0.0,0.0,0.0,0.0,0.0,PlayStation 4
The Forest,2015.0,Action,Endnight Games Ltd ,0.0,0.0,0.0,0.0,0.0,PlayStation 4
Fenix Rage,,Misc,,0.0,0.0,0.0,0.0,0.0,PlayStation 4
EarthNight,,Action,,0.0,0.0,0.0,0.0,0.0,PlayStation 4
One Way Trip,,Adventure,,0.0,0.0,0.0,0.0,0.0,PlayStation 4
Shiness: The Lightning Kingdom,,Role-Playing,,0.0,0.0,0.0,0.0,0.0,PlayStation 4
Aaru's Awakening,,Action,,0.0,0.0,0.0,0.0,0.0,PlayStation 4
Falling Skies: The Game ,2015.0,Role-Playing,Little Orbit,0.0,0.0,0.0,0.0,0.0,PlayStation 4
Onigiri,,Role-Playing,,0.0,0.0,0.0,0.0,0.0,PlayStation 4
Loadout,,Shooter,,0.0,0.0,0.0,0.0,0.0,PlayStation 4
Entwined,,Action,,0.0,0.0,0.0,0.0,0.0,PlayStation 4
EA Sports PGA Tour,2015.0,Sports,EA Sports,0.0,0.0,0.0,0.0,0.0,PlayStation 4
Dead Island 2,2017.0,Action,Deep Silver,0.0,0.0,0.0,0.0,0.0,PlayStation 4
Magicka 2,,Action,,0.0,0.0,0.0,0.0,0.0,PlayStation 4
Broforce,,Action,,0.0,0.0,0.0,0.0,0.0,PlayStation 4
Inside,,Platform,,0.0,0.0,0.0,0.0,0.0,PlayStation 4
Blast 'Em Bunnies,,Action,,0.0,0.0,0.0,0.0,0.0,PlayStation 4
Woah Dave!,,Action,,0.0,0.0,0.0,0.0,0.0,PlayStation 4
The Assembly,,Adventure,,0.0,0.0,0.0,0.0,0.0,PlayStation 4
Tetris Ultimate ,2014.0,Puzzle,Ubisoft,0.0,0.0,0.0,0.0,0.0,PlayStation 4
Afro Samurai 2,2015.0,Action,Versus Evil,0.0,0.0,0.0,0.0,0.0,PlayStation 4
The Legend of Korra (2014),2014.0,Action,Activision,0.0,0.0,0.0,0.0,0.0,PlayStation 4
The Vanishing of Ethan Carter ,2015.0,Adventure,The Astronauts,0.0,0.0,0.0,0.0,0.0,PlayStation 4
Godzilla (2014),2014.0,Action,Namco Bandai Games,0.0,0.0,0.0,0.0,0.0,PlayStation 4
Gran Turismo 7,2020.0,Racing,Sony Computer Entertainment,0.0,0.0,0.0,0.0,0.0,PlayStation 4
Rollers of the Realm,,Role-Playing,,0.0,0.0,0.0,0.0,0.0,PlayStation 4
Q*bert: Rebooted,,Action,,0.0,0.0,0.0,0.0,0.0,PlayStation 4
AirMech Arena,,Action,,0.0,0.0,0.0,0.0,0.0,PlayStation 4
The Walking Dead: Season Three,,Action,,0.0,0.0,0.0,0.0,0.0,PlayStation 4
Toren,,Adventure,,0.0,0.0,0.0,0.0,0.0,PlayStation 4
Pneuma: Breath of Life,,Puzzle,,0.0,0.0,0.0,0.0,0.0,PlayStation 4
#killallzombies,,Action,,0.0,0.0,0.0,0.0,0.0,PlayStation 4
The Escapists,,Action,,0.0,0.0,0.0,0.0,0.0,PlayStation 4
The Tomorrow Children,,Strategy,,0.0,0.0,0.0,0.0,0.0,PlayStation 4
Hollowpoint,,Action,,0.0,0.0,0.0,0.0,0.0,PlayStation 4
In Space We Brawl,,Shooter,,0.0,0.0,0.0,0.0,0.0,PlayStation 4
Wild,2019.0,Adventure,Sony Interactive Entertainment,0.0,0.0,0.0,0.0,0.0,PlayStation 4
Alienation,,Shooter,,0.0,0.0,0.0,0.0,0.0,PlayStation 4
Ubusuna,,Shooter,,0.0,0.0,0.0,0.0,0.0,PlayStation 4
PIX the CAT,,Action,,0.0,0.0,0.0,0.0,0.0,PlayStation 4
Game 4,,Strategy,,0.0,0.0,0.0,0.0,0.0,PlayStation 4
Titan Souls,,Action,,0.0,0.0,0.0,0.0,0.0,PlayStation 4
OniKira: Demon Killer,,Action,,0.0,0.0,0.0,0.0,0.0,PlayStation 4
Moon Hunters,,Action,,0.0,0.0,0.0,0.0,0.0,PlayStation 4
Salt and Sanctuary,,Action,,0.0,0.0,0.0,0.0,0.0,PlayStation 4
Alone With You,,Adventure,,0.0,0.0,0.0,0.0,0.0,PlayStation 4
Tadeo Jones y el manuscrito perdido,2014.0,Adventure,Deep Silver,0.0,0.0,0.0,0.0,0.0,PlayStation 4
Invokers Tournament,,Action,,0.0,0.0,0.0,0.0,0.0,PlayStation 4
OlliOlli 2: Welcome to Olliwood,2016.0,Sports,PQube,0.0,0.0,0.0,0.0,0.0,PlayStation 4
Pathologic,2015.0,Adventure,Ice-pick Lodge,0.0,0.0,0.0,0.0,0.0,PlayStation 4
Soma,,Action,,0.0,0.0,0.0,0.0,0.0,PlayStation 4
Rebel Galaxy,2015.0,Role-Playing,Double Damage Games,0.0,0.0,0.0,0.0,0.0,PlayStation 4
I Am Bread,,Simulation,,0.0,0.0,0.0,0.0,0.0,PlayStation 4
Geometry Wars 3: Dimensions,,Shooter,,0.0,0.0,0.0,0.0,0.0,PlayStation 4
Primal Carnage: Extinction,,Shooter,,0.0,0.0,0.0,0.0,0.0,PlayStation 4
Assassin's Creed: Victory,2015.0,Action,Ubisoft,0.0,0.0,0.0,0.0,0.0,PlayStation 4
Silent Hills,2020.0,Action,Konami Digital Entertainment,0.0,0.0,0.0,0.0,0.0,PlayStation 4
The Banner Saga 2,,Role-Playing,,0.0,0.0,0.0,0.0,0.0,PlayStation 4
Enter the Gungeon,,Shooter,,0.0,0.0,0.0,0.0,0.0,PlayStation 4
What Remains of Edith Finch,,Adventure,,0.0,0.0,0.0,0.0,0.0,PlayStation 4
Wattam,,Action,,0.0,0.0,0.0,0.0,0.0,PlayStation 4
Fat Princess Adventures,,Action,,0.0,0.0,0.0,0.0,0.0,PlayStation 4
Skytorn,,Action,,0.0,0.0,0.0,0.0,0.0,PlayStation 4
Kill Strain,,Shooter,,0.0,0.0,0.0,0.0,0.0,PlayStation 4
Drawn to Death,,Shooter,,0.0,0.0,0.0,0.0,0.0,PlayStation 4
Grow Home,,Platform,,0.0,0.0,0.0,0.0,0.0,PlayStation 4
Apotheon,,Action,,0.0,0.0,0.0,0.0,0.0,PlayStation 4
Hunger,,Action-Adventure,,0.0,0.0,0.0,0.0,0.0,PlayStation 4
Magic Duels: Origin,,Misc,,0.0,0.0,0.0,0.0,0.0,PlayStation 4
Shiftlings,,Platform,,0.0,0.0,0.0,0.0,0.0,PlayStation 4
Oceanhorn: Monster of Uncharted Seas,,Action,,0.0,0.0,0.0,0.0,0.0,PlayStation 4
Beyond Eyes,,Adventure,,0.0,0.0,0.0,0.0,0.0,PlayStation 4
Inside My Radio,,Platform,,0.0,0.0,0.0,0.0,0.0,PlayStation 4
Tembo the Badass Elephant,,Platform,,0.0,0.0,0.0,0.0,0.0,PlayStation 4
Assassin's Creed Chronicles: Russia,,Action,,0.0,0.0,0.0,0.0,0.0,PlayStation 4
Assassin's Creed Chronicles: India,,Action,,0.0,0.0,0.0,0.0,0.0,PlayStation 4
Overlord: Fellowship of Evil,2015.0,Action,Codemasters,0.0,0.0,0.0,0.0,0.0,PlayStation 4
R.B.I. Baseball 15,2015.0,Sports,MLB.com,0.0,0.0,0.0,0.0,0.0,PlayStation 4
Krinkle Krusher,,Strategy,,0.0,0.0,0.0,0.0,0.0,PlayStation 4
Wander,2015.0,Role-Playing,Wander MMO,0.0,0.0,0.0,0.0,0.0,PlayStation 4
Trans-Galactic Tournament,,Action,,0.0,0.0,0.0,0.0,0.0,PlayStation 4
The Walking Dead: Michonne,,Adventure,,0.0,0.0,0.0,0.0,0.0,PlayStation 4
Unravel,,Platform,,0.0,0.0,0.0,0.0,0.0,PlayStation 4
Tachyon Project,,Action,,0.0,0.0,0.0,0.0,0.0,PlayStation 4
Final Fantasy VII Remake,2019.0,Role-Playing,Square Enix,0.0,0.0,0.0,0.0,0.0,PlayStation 4
Ikenie to Yuki no Setsuna,2016.0,Role-Playing,Square Enix,0.0,0.0,0.0,0.0,0.0,PlayStation 4
Atelier Sophie,2020.0,Role-Playing,Gust,0.0,0.0,0.0,0.0,0.0,PlayStation 4
Dengeki Bunko: Fighting Climax Ignition,2015.0,Action,Sega,0.0,0.0,0.0,0.0,0.0,PlayStation 4
World Soccer Winning Eleven 2015,2015.0,Action,Konami Digital Entertainment,0.0,0.0,0.0,0.0,0.0,PlayStation 4
Muse: Together Is the New Alone,,Adventure,,0.0,0.0,0.0,0.0,0.0,PlayStation 4
Cross Reverie,2017.0,Role-Playing,Sinxsoft,0.0,0.0,0.0,0.0,0.0,PlayStation 4
Airship Q,2019.0,Platform,Cygames,0.0,0.0,0.0,0.0,0.0,PlayStation 4
Killing Bites,2016.0,Action,Unknown,0.0,0.0,0.0,0.0,0.0,PlayStation 4
Hatsune Miku: Project Diva Future Tone,,Music,,0.0,0.0,0.0,0.0,0.0,PlayStation 4
Tiny Troopers Joint Ops,2014.0,Action,Unknown,0.0,0.0,0.0,0.0,0.0,PlayStation 4
The London Heist,2016.0,Shooter,Sony Computer Entertainment,0.0,0.0,0.0,0.0,0.0,PlayStation 4
Risen 3 Enhanced Edition,2015.0,Role-Playing,Deep Silver,0.0,0.0,0.0,0.0,0.0,PlayStation 4
Air Conflicts: Pacific Carriers,2015.0,Simulation,Kalypso Media,0.0,0.0,0.0,0.0,0.0,PlayStation 4
God Wars: Beyond Time,2016.0,Role-Playing,Kadokawa Games,0.0,0.0,0.0,0.0,0.0,PlayStation 4
Hasbro Family Fun Pack,2015.0,Misc,Ubisoft,0.0,0.0,0.0,0.0,0.0,PlayStation 4
Professional Lumberjack 2016,2015.0,Simulation,Namco Bandai Games,0.0,0.0,0.0,0.0,0.0,PlayStation 4
Alekhine's Gun,2016.0,Action,Maximum Games,0.0,0.0,0.0,0.0,0.0,PlayStation 4
Kung Fu Panda: Showdown of Legendary Legends,2015.0,Action,Little Orbit,0.0,0.0,0.0,0.0,0.0,PlayStation 4
Read Only Memories,,Adventure,,0.0,0.0,0.0,0.0,0.0,PlayStation 4
Shakedown Hawaii,,Action,,0.0,0.0,0.0,0.0,0.0,PlayStation 4
Fallen Legion,,Role-Playing,,0.0,0.0,0.0,0.0,0.0,PlayStation 4
Amplitude (2016),,Misc,,0.0,0.0,0.0,0.0,0.0,PlayStation 4
Bloodborne: Complete Edition,2015.0,Role-Playing,Sony Computer Entertainment,0.0,0.0,0.0,0.0,0.0,PlayStation 4
Hardware: Rivals,,Action,,0.0,0.0,0.0,0.0,0.0,PlayStation 4
Jikkyou Powerful Pro Baseball Success Special,,Sports,,0.0,0.0,0.0,0.0,0.0,PlayStation 4
Qurare: Magic Library,,Action,,0.0,0.0,0.0,0.0,0.0,PlayStation 4
World to the West,2017.0,Action-Adventure,Soedesco,0.0,0.0,0.0,0.0,0.0,PlayStation 4
The Binding of Isaac: Rebirth,,Action,,0.0,0.0,0.0,0.0,0.0,PlayStation 4
De-formers,,Action,,0.0,0.0,0.0,0.0,0.0,PlayStation 4
Rock of Ages II: Bigger and Boulder,,Action,,0.0,0.0,0.0,0.0,0.0,PlayStation 4
Fe,,Action,,0.0,0.0,0.0,0.0,0.0,PlayStation 4
Days Gone,2019.0,Action-Adventure,Sony Interactive Entertainment,0.0,0.0,0.0,0.0,0.0,PlayStation 4
Berserk Musou,2016.0,Action,Tecmo Koei,0.0,0.0,0.0,0.0,0.0,PlayStation 4
Ginger: Beyond the Crystal,2016.0,Platform,PQube,0.0,0.0,0.0,0.0,0.0,PlayStation 4
The Last of Us: Part II,2019.0,Action,Sony Interactive Entertainment,0.0,0.0,0.0,0.0,0.0,PlayStation 4
Don Bradman Cricket 17,2016.0,Sports,Tru Blu Entertainment,0.0,0.0,0.0,0.0,0.0,PlayStation 4
Ace Combat 7: Skies Unknown,2019.0,Shooter,Bandai Namco Games,0.0,0.0,0.0,0.0,0.0,PlayStation 4
Sakuna: Of Rice and Ruin,,Action,,0.0,0.0,0.0,0.0,0.0,PlayStation 4
Metro Exodus,2019.0,Shooter,Deep Silver,0.0,0.0,0.0,0.0,0.0,PlayStation 4
Anthem,2019.0,Role-Playing,Electronic Arts,0.0,0.0,0.0,0.0,0.0,PlayStation 4
Moons Of Madness,2017.0,Role-Playing,Unknown,0.0,0.0,0.0,0.0,0.0,PlayStation 4
Iron Harvest,2018.0,Strategy,Unknown,0.0,0.0,0.0,0.0,0.0,PlayStation 4
Biomutant,2018.0,Action,THQ Nordic,0.0,0.0,0.0,0.0,0.0,PlayStation 4
Biomutant,2019.0,Action,THQ Nordic,0.0,0.0,0.0,0.0,0.0,PlayStation 4
de Blob,2017.0,Platform,THQ Nordic,0.0,0.0,0.0,0.0,0.0,PlayStation 4
Chaos on Deponia,2017.0,Adventure,Daedalic Entertainment,0.0,0.0,0.0,0.0,0.0,PlayStation 4
Code Vein,2018.0,Action,Bandai Namco Entertainment,0.0,0.0,0.0,0.0,0.0,PlayStation 4
Fallen Legion: Flames of Rebellion,,Role-Playing,,0.0,0.0,0.0,0.0,0.0,PlayStation 4
Radial G Racing Revolved,2017.0,Racing,Tammeka Games,0.0,0.0,0.0,0.0,0.0,PlayStation 4
The Mummy Demastered,,Action,,0.0,0.0,0.0,0.0,0.0,PlayStation 4
Project Nimbus: Code Mirai,,Action,,0.0,0.0,0.0,0.0,0.0,PlayStation 4
Battle Chef Brigade,,Action,,0.0,0.0,0.0,0.0,0.0,PlayStation 4
